--
-- PostgreSQL database dump
--

SET statement_timeout = 0;
SET lock_timeout = 0;
SET client_encoding = 'UTF8';
SET standard_conforming_strings = on;
SET check_function_bodies = false;
SET client_min_messages = warning;

--
-- Name: plpgsql; Type: EXTENSION; Schema: -; Owner: 
--

CREATE EXTENSION IF NOT EXISTS plpgsql WITH SCHEMA pg_catalog;


--
-- Name: EXTENSION plpgsql; Type: COMMENT; Schema: -; Owner: 
--

COMMENT ON EXTENSION plpgsql IS 'PL/pgSQL procedural language';


SET search_path = public, pg_catalog;

SET default_tablespace = '';

SET default_with_oids = false;

--
-- Name: fermenters; Type: TABLE; Schema: public; Owner: openbrew; Tablespace: 
--

CREATE TABLE fermenters (
    id integer NOT NULL,
    name character varying
);


ALTER TABLE fermenters OWNER TO openbrew;

--
-- Name: fermenters_id_seq; Type: SEQUENCE; Schema: public; Owner: openbrew
--

CREATE SEQUENCE fermenters_id_seq
    START WITH 1
    INCREMENT BY 1
    NO MINVALUE
    NO MAXVALUE
    CACHE 1;


ALTER TABLE fermenters_id_seq OWNER TO openbrew;

--
-- Name: fermenters_id_seq; Type: SEQUENCE OWNED BY; Schema: public; Owner: openbrew
--

ALTER SEQUENCE fermenters_id_seq OWNED BY fermenters.id;


--
-- Name: readings; Type: TABLE; Schema: public; Owner: openbrew; Tablespace: 
--

CREATE TABLE readings (
    id bigint NOT NULL,
    value numeric,
    "time" integer,
    sensorid integer,
    runbatch integer DEFAULT 1
);


ALTER TABLE readings OWNER TO openbrew;

--
-- Name: readings_id_seq; Type: SEQUENCE; Schema: public; Owner: openbrew
--

CREATE SEQUENCE readings_id_seq
    START WITH 1
    INCREMENT BY 1
    NO MINVALUE
    NO MAXVALUE
    CACHE 1;


ALTER TABLE readings_id_seq OWNER TO openbrew;

--
-- Name: readings_id_seq; Type: SEQUENCE OWNED BY; Schema: public; Owner: openbrew
--

ALTER SEQUENCE readings_id_seq OWNED BY readings.id;


--
-- Name: sensors; Type: TABLE; Schema: public; Owner: openbrew; Tablespace: 
--

CREATE TABLE sensors (
    id bigint NOT NULL,
    serial character varying(32),
    name character varying(64),
    fermenterid integer
);


ALTER TABLE sensors OWNER TO openbrew;

--
-- Name: sensors_id_seq; Type: SEQUENCE; Schema: public; Owner: openbrew
--

CREATE SEQUENCE sensors_id_seq
    START WITH 1
    INCREMENT BY 1
    NO MINVALUE
    NO MAXVALUE
    CACHE 1;


ALTER TABLE sensors_id_seq OWNER TO openbrew;

--
-- Name: sensors_id_seq; Type: SEQUENCE OWNED BY; Schema: public; Owner: openbrew
--

ALTER SEQUENCE sensors_id_seq OWNED BY sensors.id;


--
-- Name: v_fridgeone; Type: VIEW; Schema: public; Owner: openbrew
--

CREATE VIEW v_fridgeone AS
 SELECT ( SELECT r.value
           FROM readings r,
            fermenters f,
            sensors s
          WHERE (((((r.sensorid = s.id) AND (r.runbatch = r2.runbatch)) AND (s.fermenterid = f.id)) AND (((f.name)::text = 'Ambient'::text) OR ((f.name)::text = 'Fridge 1'::text))) AND ((s.name)::text = 'Ambient'::text))) AS ambient,
    ( SELECT r.value
           FROM readings r,
            fermenters f,
            sensors s
          WHERE (((((r.sensorid = s.id) AND (r.runbatch = r2.runbatch)) AND (s.fermenterid = f.id)) AND (((f.name)::text = 'Ambient'::text) OR ((f.name)::text = 'Fridge 1'::text))) AND ((s.name)::text = 'Air'::text))) AS air,
    ( SELECT r.value
           FROM readings r,
            fermenters f,
            sensors s
          WHERE (((((r.sensorid = s.id) AND (r.runbatch = r2.runbatch)) AND (s.fermenterid = f.id)) AND (((f.name)::text = 'Ambient'::text) OR ((f.name)::text = 'Fridge 1'::text))) AND ((s.name)::text = 'Wort'::text))) AS wort,
    ( SELECT r.value
           FROM readings r,
            fermenters f,
            sensors s
          WHERE (((((r.sensorid = s.id) AND (r.runbatch = r2.runbatch)) AND (s.fermenterid = f.id)) AND (((f.name)::text = 'Ambient'::text) OR ((f.name)::text = 'Fridge 1'::text))) AND ((s.name)::text = 'Ambient High'::text))) AS ambienthigh,
    r2.runbatch
   FROM readings r2
  GROUP BY r2.runbatch
  ORDER BY r2.runbatch;


ALTER TABLE v_fridgeone OWNER TO openbrew;

--
-- Name: v_fridgetwo; Type: VIEW; Schema: public; Owner: openbrew
--

CREATE VIEW v_fridgetwo AS
 SELECT ( SELECT r.value
           FROM readings r,
            fermenters f,
            sensors s
          WHERE (((((r.sensorid = s.id) AND (r.runbatch = r2.runbatch)) AND (s.fermenterid = f.id)) AND (((f.name)::text = 'Ambient'::text) OR ((f.name)::text = 'Fridge 2'::text))) AND ((s.name)::text = 'Ambient'::text))) AS ambient,
    ( SELECT r.value
           FROM readings r,
            fermenters f,
            sensors s
          WHERE (((((r.sensorid = s.id) AND (r.runbatch = r2.runbatch)) AND (s.fermenterid = f.id)) AND (((f.name)::text = 'Ambient'::text) OR ((f.name)::text = 'Fridge 2'::text))) AND ((s.name)::text = 'Air'::text))) AS air,
    ( SELECT r.value
           FROM readings r,
            fermenters f,
            sensors s
          WHERE (((((r.sensorid = s.id) AND (r.runbatch = r2.runbatch)) AND (s.fermenterid = f.id)) AND (((f.name)::text = 'Ambient'::text) OR ((f.name)::text = 'Fridge 2'::text))) AND ((s.name)::text = 'Wort'::text))) AS wort,
    ( SELECT r.value
           FROM readings r,
            fermenters f,
            sensors s
          WHERE (((((r.sensorid = s.id) AND (r.runbatch = r2.runbatch)) AND (s.fermenterid = f.id)) AND (((f.name)::text = 'Ambient'::text) OR ((f.name)::text = 'Fridge 2'::text))) AND ((s.name)::text = 'Ambient High'::text))) AS ambienthigh,
    r2.runbatch
   FROM readings r2
  GROUP BY r2.runbatch
  ORDER BY r2.runbatch;


ALTER TABLE v_fridgetwo OWNER TO openbrew;

--
-- Name: id; Type: DEFAULT; Schema: public; Owner: openbrew
--

ALTER TABLE ONLY fermenters ALTER COLUMN id SET DEFAULT nextval('fermenters_id_seq'::regclass);


--
-- Name: id; Type: DEFAULT; Schema: public; Owner: openbrew
--

ALTER TABLE ONLY readings ALTER COLUMN id SET DEFAULT nextval('readings_id_seq'::regclass);


--
-- Name: id; Type: DEFAULT; Schema: public; Owner: openbrew
--

ALTER TABLE ONLY sensors ALTER COLUMN id SET DEFAULT nextval('sensors_id_seq'::regclass);


--
-- Data for Name: fermenters; Type: TABLE DATA; Schema: public; Owner: openbrew
--

COPY fermenters (id, name) FROM stdin;
7	Ambient
8	Fridge 1
9	Fridge 2
\.


--
-- Name: fermenters_id_seq; Type: SEQUENCE SET; Schema: public; Owner: openbrew
--

SELECT pg_catalog.setval('fermenters_id_seq', 9, true);


--
-- Data for Name: readings; Type: TABLE DATA; Schema: public; Owner: openbrew
--

COPY readings (id, value, "time", sensorid, runbatch) FROM stdin;
3987	25.875	1448860768	9	1
3988	26.000	1448860769	8	1
3989	25.687	1448860771	10	1
3990	24.500	1448860772	6	1
3991	32.562	1448860773	11	1
3992	25.750	1448860775	7	1
3993	25.875	1448860786	9	2
3994	26.062	1448860787	8	2
3995	25.687	1448860788	10	2
3996	24.562	1448860789	6	2
3997	32.375	1448860790	11	2
3998	25.687	1448860792	7	2
3999	25.875	1448860913	9	3
4000	26.000	1448860914	8	3
4001	25.687	1448860915	10	3
4002	24.500	1448860916	6	3
4003	32.375	1448860917	11	3
4004	25.687	1448860918	7	3
4005	25.875	1448861039	9	4
4006	26.000	1448861040	8	4
4007	25.687	1448861041	10	4
4008	24.562	1448861042	6	4
4009	31.750	1448861043	11	4
4010	25.687	1448861044	7	4
4011	25.812	1448861165	9	5
4012	25.875	1448861166	8	5
4013	25.625	1448861167	10	5
4014	24.437	1448861168	6	5
4015	31.750	1448861170	11	5
4016	25.625	1448861170	7	5
4017	25.875	1448861292	9	6
4018	25.875	1448861293	8	6
4019	25.625	1448861294	10	6
4020	24.375	1448861295	6	6
4021	31.937	1448861296	11	6
4022	25.625	1448861298	7	6
4023	24.937	1448870388	9	7
4024	24.937	1448870389	8	7
4025	24.812	1448870392	10	7
4026	23.312	1448870393	6	7
4027	30.500	1448870394	11	7
4028	25.625	1448870394	7	7
4029	24.875	1448870515	9	8
4030	24.937	1448870516	8	8
4031	24.812	1448870517	10	8
4032	23.250	1448870518	6	8
4033	30.687	1448870519	11	8
4034	25.625	1448870520	7	8
4035	24.875	1448870641	9	9
4036	24.937	1448870642	8	9
4037	24.750	1448870642	10	9
4038	23.250	1448870643	6	9
4039	30.250	1448870644	11	9
4040	24.687	1448870645	7	9
4041	24.875	1448870766	9	10
4042	24.875	1448870768	8	10
4043	24.750	1448870768	10	10
4044	23.250	1448870769	6	10
4045	30.250	1448870770	11	10
4046	24.687	1448870771	7	10
4047	24.875	1448870892	9	11
4048	24.812	1448870893	8	11
4049	24.687	1448870894	10	11
4050	23.187	1448870894	6	11
4051	30.375	1448870895	11	11
4052	24.687	1448870896	7	11
4053	24.812	1448871017	9	12
4054	24.750	1448871018	8	12
4055	24.687	1448871019	10	12
4056	23.187	1448871020	6	12
4057	30.375	1448871021	11	12
4058	24.625	1448871021	7	12
4059	24.812	1448871142	9	13
4060	24.750	1448871143	8	13
4061	24.687	1448871144	10	13
4062	23.125	1448871145	6	13
4063	30.437	1448871146	11	13
4064	24.625	1448871147	7	13
4065	24.750	1448871268	9	14
4066	24.750	1448871268	8	14
4067	24.687	1448871269	10	14
4068	23.062	1448871270	6	14
4069	30.562	1448871271	11	14
4070	24.625	1448871272	7	14
4071	24.750	1448871393	9	15
4072	24.750	1448871394	8	15
4073	24.687	1448871395	10	15
4074	23.062	1448871395	6	15
4075	30.562	1448871396	11	15
4076	24.562	1448871397	7	15
4077	24.687	1448871518	9	16
4078	24.750	1448871519	8	16
4079	24.625	1448871520	10	16
4080	23.062	1448871521	6	16
4081	30.062	1448871522	11	16
4082	24.562	1448871522	7	16
4083	24.687	1448871644	9	17
4084	24.625	1448871645	8	17
4085	24.562	1448871646	10	17
4086	23.062	1448871647	6	17
4087	30.187	1448871648	11	17
4088	24.500	1448871649	7	17
4089	24.687	1448871770	9	18
4090	24.562	1448871771	8	18
4091	24.562	1448871772	10	18
4092	22.937	1448871773	6	18
4093	30.125	1448871774	11	18
4094	24.500	1448871775	7	18
4095	24.625	1448871896	9	19
4096	24.625	1448871896	8	19
4097	24.562	1448871898	10	19
4098	23.000	1448871899	6	19
4099	30.062	1448871900	11	19
4100	24.500	1448871901	7	19
4101	24.562	1448872022	9	20
4102	24.625	1448872023	8	20
4103	24.500	1448872023	10	20
4104	22.875	1448872024	6	20
4105	30.312	1448872025	11	20
4106	24.500	1448872026	7	20
4107	24.562	1448872147	9	21
4108	24.625	1448872148	8	21
4109	24.500	1448872149	10	21
4110	22.750	1448872150	6	21
4111	30.312	1448872151	11	21
4112	24.437	1448872152	7	21
4113	24.562	1448872273	9	22
4114	24.562	1448872274	8	22
4115	24.437	1448872275	10	22
4116	22.812	1448872276	6	22
4117	30.250	1448872276	11	22
4118	24.437	1448872278	7	22
4119	24.562	1448872399	9	23
4120	24.562	1448872401	8	23
4121	24.437	1448872402	10	23
4122	22.812	1448872402	6	23
4123	29.875	1448872403	11	23
4124	24.375	1448872404	7	23
4125	24.375	1448872836	9	24
4126	24.375	1448872837	8	24
4127	24.312	1448872839	10	24
4128	22.625	1448872840	6	24
4129	29.875	1448872841	11	24
4130	24.375	1448872842	7	24
4131	24.312	1448872981	9	25
4132	24.375	1448872982	8	25
4133	24.312	1448872983	10	25
4134	22.625	1448872984	6	25
4135	29.750	1448872985	11	25
4136	24.250	1448872986	7	25
4137	24.312	1448873039	9	26
4138	24.375	1448873040	8	26
4139	24.250	1448873041	10	26
4140	22.750	1448873042	6	26
4141	29.750	1448873043	11	26
4142	24.250	1448873044	7	26
4143	24.312	1448873127	9	27
4144	24.437	1448873128	8	27
4145	24.250	1448873129	10	27
4146	22.625	1448873130	6	27
4147	29.937	1448873131	11	27
4148	24.250	1448873132	7	27
4149	24.250	1448873170	9	28
4150	24.375	1448873170	8	28
4151	24.250	1448873171	10	28
4152	22.687	1448873172	6	28
4153	30.187	1448873174	11	28
4154	24.250	1448873175	7	28
4155	24.250	1448873260	9	29
4156	24.375	1448873261	8	29
4157	24.187	1448873262	10	29
4158	22.625	1448873262	6	29
4159	30.187	1448873264	11	29
4160	24.250	1448873265	7	29
4161	24.125	1448873831	9	30
4162	24.187	1448873832	8	30
4163	24.062	1448873833	10	30
4164	22.187	1448873834	6	30
4165	29.375	1448873836	11	30
4166	24.125	1448873837	7	30
4167	24.125	1448873877	9	31
4168	24.187	1448873878	8	31
4169	24.062	1448873880	10	31
4170	22.312	1448873880	6	31
4171	29.250	1448873881	11	31
4172	24.125	1448873882	7	31
4173	24.062	1448873963	9	32
4174	24.250	1448873964	8	32
4175	24.000	1448873964	10	32
4176	22.312	1448873965	6	32
4177	29.437	1448873966	11	32
4178	24.062	1448873967	7	32
4179	24.000	1448874489	9	33
4180	24.125	1448874490	8	33
4181	23.937	1448874492	10	33
4182	22.187	1448874492	6	33
4183	29.562	1448874493	11	33
4184	24.000	1448874494	7	33
4185	24.000	1448874533	9	34
4186	24.125	1448874534	8	34
4187	23.937	1448874535	10	34
4188	22.187	1448874536	6	34
4189	29.687	1448874537	11	34
4190	24.000	1448874538	7	34
4191	24.000	1448874627	9	35
4192	24.062	1448874628	8	35
4193	23.875	1448874630	10	35
4194	22.187	1448874631	6	35
4195	29.562	1448874632	11	35
4196	23.937	1448874633	7	35
4197	23.125	1448880142	9	36
4198	23.187	1448880143	8	36
4199	23.000	1448880144	10	36
4200	21.250	1448880145	6	36
4201	28.437	1448880146	11	36
4202	23.937	1448880146	7	36
4203	23.125	1448880267	9	37
4204	23.187	1448880268	8	37
4205	23.000	1448880269	10	37
4206	21.312	1448880270	6	37
4207	28.437	1448880271	11	37
4208	23.125	1448880272	7	37
4209	23.125	1448880393	9	38
4210	23.187	1448880393	8	38
4211	22.937	1448880395	10	38
4212	21.375	1448880397	6	38
4213	28.500	1448880398	11	38
4214	23.062	1448880398	7	38
4215	23.125	1448880519	9	39
4216	23.125	1448880520	8	39
4217	22.937	1448880521	10	39
4218	21.250	1448880522	6	39
4219	28.750	1448880523	11	39
4220	23.062	1448880524	7	39
4221	23.062	1448880646	9	40
4222	23.062	1448880646	8	40
4223	22.937	1448880647	10	40
4224	21.312	1448880648	6	40
4225	28.375	1448880649	11	40
4226	23.000	1448880650	7	40
4227	23.062	1448880771	9	41
4228	23.000	1448880772	8	41
4229	22.875	1448880773	10	41
4230	21.312	1448880774	6	41
4231	28.312	1448880776	11	41
4232	23.000	1448880777	7	41
4233	22.875	1448881685	9	42
4234	23.000	1448881687	8	42
4235	22.750	1448881688	10	42
4236	21.312	1448881689	6	42
4237	28.437	1448881689	11	42
4238	22.937	1448881690	7	42
4239	22.875	1448881724	9	43
4240	23.062	1448881726	8	43
4241	22.750	1448881727	10	43
4242	21.312	1448881728	6	43
4243	28.437	1448881729	11	43
4244	22.937	1448881730	7	43
4245	22.687	1448883287	9	44
4246	22.750	1448883288	8	44
4247	22.562	1448883290	10	44
4248	20.937	1448883291	6	44
4249	28.187	1448883291	11	44
4250	22.937	1448883292	7	44
4251	22.687	1448883413	9	45
4252	22.750	1448883414	8	45
4253	22.562	1448883415	10	45
4254	20.937	1448883416	6	45
4255	27.750	1448883417	11	45
4256	22.687	1448883418	7	45
4257	22.687	1448883539	9	46
4258	22.750	1448883540	8	46
4259	22.562	1448883541	10	46
4260	21.000	1448883542	6	46
4261	27.937	1448883543	11	46
4262	22.687	1448883544	7	46
4263	22.625	1448883665	9	47
4264	22.750	1448883665	8	47
4265	22.562	1448883666	10	47
4266	21.000	1448883667	6	47
4267	28.000	1448883668	11	47
4268	22.625	1448883669	7	47
4269	22.625	1448883791	9	48
4270	22.750	1448883792	8	48
4271	22.500	1448883792	10	48
4272	20.937	1448883793	6	48
4273	28.000	1448883794	11	48
4274	22.625	1448883795	7	48
4275	22.625	1448883916	9	49
4276	22.750	1448883917	8	49
4277	22.500	1448883918	10	49
4278	20.937	1448883919	6	49
4279	28.312	1448883920	11	49
4280	22.625	1448883921	7	49
4281	22.625	1448884042	9	50
4282	22.750	1448884044	8	50
4283	22.500	1448884044	10	50
4284	21.000	1448884045	6	50
4285	28.062	1448884046	11	50
4286	22.562	1448884047	7	50
4287	22.625	1448884169	9	51
4288	22.687	1448884170	8	51
4289	22.437	1448884171	10	51
4290	21.000	1448884171	6	51
4291	27.812	1448884172	11	51
4292	22.562	1448884173	7	51
4293	22.562	1448884294	9	52
4294	22.750	1448884295	8	52
4295	22.437	1448884296	10	52
4296	21.125	1448884297	6	52
4297	28.375	1448884298	11	52
4298	22.625	1448884298	7	52
4299	22.562	1448884420	9	53
4300	22.750	1448884421	8	53
4301	22.437	1448884422	10	53
4302	21.000	1448884423	6	53
4303	27.875	1448884424	11	53
4304	22.625	1448884425	7	53
4305	22.625	1448884546	9	54
4306	22.750	1448884547	8	54
4307	22.437	1448884548	10	54
4308	21.000	1448884549	6	54
4309	28.000	1448884550	11	54
4310	22.625	1448884551	7	54
4311	22.625	1448884672	9	55
4312	22.750	1448884673	8	55
4313	22.437	1448884673	10	55
4314	21.000	1448884674	6	55
4315	27.875	1448884676	11	55
4316	22.625	1448884677	7	55
4317	22.625	1448884798	9	56
4318	22.750	1448884799	8	56
4319	22.437	1448884800	10	56
4320	21.000	1448884801	6	56
4321	28.125	1448884802	11	56
4322	22.625	1448884804	7	56
4323	22.562	1448884925	9	57
4324	22.687	1448884926	8	57
4325	22.437	1448884927	10	57
4326	20.937	1448884928	6	57
4327	28.187	1448884929	11	57
4328	22.625	1448884930	7	57
4329	22.562	1448885051	9	58
4330	22.687	1448885052	8	58
4331	22.437	1448885053	10	58
4332	20.937	1448885053	6	58
4333	28.187	1448885054	11	58
4334	22.562	1448885056	7	58
4335	22.562	1448885177	9	59
4336	22.687	1448885179	8	59
4337	22.437	1448885179	10	59
4338	20.937	1448885180	6	59
4339	28.000	1448885182	11	59
4340	22.562	1448885185	7	59
4341	22.562	1448885306	9	60
4342	22.687	1448885307	8	60
4343	22.437	1448885308	10	60
4344	20.812	1448885309	6	60
4345	28.000	1448885310	11	60
4346	22.562	1448885311	7	60
4347	22.562	1448885432	9	61
4348	22.625	1448885434	8	61
4349	22.437	1448885435	10	61
4350	21.000	1448885437	6	61
4351	28.000	1448885437	11	61
4352	22.500	1448885438	7	61
4353	22.562	1448885559	9	62
4354	22.625	1448885560	8	62
4355	22.312	1448885562	10	62
4356	20.812	1448885563	6	62
4357	27.812	1448885564	11	62
4358	22.500	1448885565	7	62
4359	22.562	1448885686	9	63
4360	22.625	1448885687	8	63
4361	22.312	1448885689	10	63
4362	20.937	1448885690	6	63
4363	27.875	1448885690	11	63
4364	22.500	1448885691	7	63
4365	22.500	1448885812	9	64
4366	22.562	1448885813	8	64
4367	22.312	1448885814	10	64
4368	20.875	1448885815	6	64
4369	27.875	1448885816	11	64
4370	22.500	1448885818	7	64
4371	22.500	1448885939	9	65
4372	22.562	1448885940	8	65
4373	22.312	1448885941	10	65
4374	20.812	1448885942	6	65
4375	27.937	1448885943	11	65
4376	22.437	1448885943	7	65
4377	22.500	1448886064	9	66
4378	22.562	1448886065	8	66
4379	22.375	1448886067	10	66
4380	20.812	1448886068	6	66
4381	28.000	1448886069	11	66
4382	22.437	1448886070	7	66
4383	22.500	1448886191	9	67
4384	22.562	1448886193	8	67
4385	22.312	1448886194	10	67
4386	20.812	1448886195	6	67
4387	27.562	1448886196	11	67
4388	22.437	1448886196	7	67
4389	22.437	1448886317	9	68
4390	22.562	1448886319	8	68
4391	22.312	1448886320	10	68
4392	20.812	1448886321	6	68
4393	27.687	1448886322	11	68
4394	22.437	1448886322	7	68
4395	22.437	1448886443	9	69
4396	22.500	1448886446	8	69
4397	22.312	1448886447	10	69
4398	20.812	1448886448	6	69
4399	27.625	1448886449	11	69
4400	22.375	1448886449	7	69
4401	22.437	1448886571	9	70
4402	22.500	1448886572	8	70
4403	22.250	1448886574	10	70
4404	20.875	1448886575	6	70
4405	27.625	1448886576	11	70
4406	22.375	1448886578	7	70
4407	22.437	1448886700	9	71
4408	22.500	1448886701	8	71
4409	22.250	1448886702	10	71
4410	20.687	1448886702	6	71
4411	27.750	1448886703	11	71
4412	22.375	1448886705	7	71
4413	22.437	1448886826	9	72
4414	22.562	1448886827	8	72
4415	22.250	1448886828	10	72
4416	20.687	1448886828	6	72
4417	27.812	1448886829	11	72
4418	22.375	1448886830	7	72
4419	22.437	1448886951	9	73
4420	22.500	1448886952	8	73
4421	22.250	1448886953	10	73
4422	20.812	1448886954	6	73
4423	27.812	1448886954	11	73
4424	22.375	1448886955	7	73
4425	22.437	1448887076	9	74
4426	22.500	1448887077	8	74
4427	22.250	1448887078	10	74
4428	20.812	1448887081	6	74
4429	27.812	1448887083	11	74
4430	22.375	1448887084	7	74
4431	22.375	1448887205	9	75
4432	22.500	1448887206	8	75
4433	22.250	1448887207	10	75
4434	20.812	1448887208	6	75
4435	27.687	1448887208	11	75
4436	22.375	1448887209	7	75
4437	22.375	1448887330	9	76
4438	22.437	1448887331	8	76
4439	22.250	1448887332	10	76
4440	20.812	1448887333	6	76
4441	28.000	1448887334	11	76
4442	22.312	1448887335	7	76
4443	22.312	1448887456	9	77
4444	22.437	1448887458	8	77
4445	22.187	1448887460	10	77
4446	20.687	1448887461	6	77
4447	27.750	1448887461	11	77
4448	22.312	1448887462	7	77
4449	22.312	1448887583	9	78
4450	22.437	1448887585	8	78
4451	22.187	1448887586	10	78
4452	20.687	1448887587	6	78
4453	27.437	1448887588	11	78
4454	22.312	1448887589	7	78
4455	22.312	1448887711	9	79
4456	22.437	1448887712	8	79
4457	22.187	1448887714	10	79
4458	20.687	1448887714	6	79
4459	27.812	1448887715	11	79
4460	22.312	1448887716	7	79
4461	22.312	1448887837	9	80
4462	22.312	1448887838	8	80
4463	22.187	1448887839	10	80
4464	20.625	1448887840	6	80
4465	27.812	1448887841	11	80
4466	22.250	1448887841	7	80
4467	22.312	1448887962	9	81
4468	22.375	1448887964	8	81
4469	22.125	1448887965	10	81
4470	20.687	1448887966	6	81
4471	27.812	1448887967	11	81
4472	22.312	1448887968	7	81
4473	22.312	1448888089	9	82
4474	22.375	1448888090	8	82
4475	22.187	1448888092	10	82
4476	20.625	1448888093	6	82
4477	27.812	1448888094	11	82
4478	22.250	1448888095	7	82
4479	22.312	1448888216	9	83
4480	22.375	1448888218	8	83
4481	22.125	1448888219	10	83
4482	20.625	1448888220	6	83
4483	27.625	1448888221	11	83
4484	22.250	1448888221	7	83
4485	22.312	1448888342	9	84
4486	22.375	1448888343	8	84
4487	22.125	1448888344	10	84
4488	20.625	1448888345	6	84
4489	27.750	1448888346	11	84
4490	22.250	1448888348	7	84
4491	22.312	1448888469	9	85
4492	22.375	1448888470	8	85
4493	22.062	1448888471	10	85
4494	20.562	1448888472	6	85
4495	27.625	1448888473	11	85
4496	22.250	1448888474	7	85
4497	22.312	1448888595	9	86
4498	22.375	1448888595	8	86
4499	22.125	1448888596	10	86
4500	20.750	1448888597	6	86
4501	27.625	1448888598	11	86
4502	22.187	1448888599	7	86
4503	22.250	1448888720	9	87
4504	22.375	1448888721	8	87
4505	22.062	1448888722	10	87
4506	20.750	1448888722	6	87
4507	27.937	1448888724	11	87
4508	22.187	1448888725	7	87
4509	22.187	1448888846	9	88
4510	22.312	1448888847	8	88
4511	22.062	1448888848	10	88
4512	20.750	1448888849	6	88
4513	27.937	1448888849	11	88
4514	22.187	1448888850	7	88
4515	22.187	1448888971	9	89
4516	22.312	1448888972	8	89
4517	22.062	1448888973	10	89
4518	20.750	1448888974	6	89
4519	27.687	1448888977	11	89
4520	22.187	1448888978	7	89
4521	22.187	1448889099	9	90
4522	22.250	1448889100	8	90
4523	22.062	1448889102	10	90
4524	20.750	1448889102	6	90
4525	27.875	1448889104	11	90
4526	22.187	1448889106	7	90
4527	22.187	1448889227	9	91
4528	22.250	1448889228	8	91
4529	22.000	1448889228	10	91
4530	20.750	1448889229	6	91
4531	27.437	1448889230	11	91
4532	22.125	1448889231	7	91
4533	22.187	1448889352	9	92
4534	22.250	1448889353	8	92
4535	22.000	1448889354	10	92
4536	20.750	1448889355	6	92
4537	27.562	1448889355	11	92
4538	22.125	1448889356	7	92
4539	22.187	1448889477	9	93
4540	22.312	1448889479	8	93
4541	22.000	1448889480	10	93
4542	20.750	1448889481	6	93
4543	27.562	1448889481	11	93
4544	22.125	1448889482	7	93
4545	22.187	1448889604	9	94
4546	22.250	1448889605	8	94
4547	22.000	1448889607	10	94
4548	20.687	1448889608	6	94
4549	27.437	1448889608	11	94
4550	22.125	1448889609	7	94
4551	22.187	1448889730	9	95
4552	22.250	1448889731	8	95
4553	22.000	1448889732	10	95
4554	20.687	1448889733	6	95
4555	27.187	1448889734	11	95
4556	22.125	1448889735	7	95
4557	22.187	1448889855	9	96
4558	22.250	1448889856	8	96
4559	22.000	1448889857	10	96
4560	20.500	1448889858	6	96
4561	27.750	1448889860	11	96
4562	22.125	1448889861	7	96
4563	22.187	1448889982	9	97
4564	22.250	1448889982	8	97
4565	22.000	1448889983	10	97
4566	20.562	1448889984	6	97
4567	27.750	1448889985	11	97
4568	22.062	1448889986	7	97
4569	22.125	1448890107	9	98
4570	22.250	1448890108	8	98
4571	22.000	1448890108	10	98
4572	20.562	1448890109	6	98
4573	27.750	1448890111	11	98
4574	22.062	1448890112	7	98
4575	22.125	1448890233	9	99
4576	22.250	1448890234	8	99
4577	21.937	1448890235	10	99
4578	20.500	1448890235	6	99
4579	27.750	1448890236	11	99
4580	22.062	1448890237	7	99
4581	22.125	1448890358	9	100
4582	22.250	1448890359	8	100
4583	21.937	1448890360	10	100
4584	20.750	1448890361	6	100
4585	28.125	1448890362	11	100
4586	22.062	1448890363	7	100
4587	22.125	1448890484	9	101
4588	22.187	1448890485	8	101
4589	21.937	1448890486	10	101
4590	20.312	1448890487	6	101
4591	27.250	1448890488	11	101
4592	22.062	1448890489	7	101
4593	22.062	1448890610	9	102
4594	22.125	1448890611	8	102
4595	21.937	1448890612	10	102
4596	20.562	1448890615	6	102
4597	27.250	1448890615	11	102
4598	22.062	1448890616	7	102
4599	22.062	1448890737	9	103
4600	22.125	1448890738	8	103
4601	21.875	1448890739	10	103
4602	20.562	1448890740	6	103
4603	27.437	1448890741	11	103
4604	22.062	1448890742	7	103
4605	22.062	1448890863	9	104
4606	22.125	1448890863	8	104
4607	21.875	1448890864	10	104
4608	20.562	1448890865	6	104
4609	27.312	1448890867	11	104
4610	22.000	1448890868	7	104
4611	22.062	1448890989	9	105
4612	22.187	1448890991	8	105
4613	21.875	1448890992	10	105
4614	20.562	1448890993	6	105
4615	27.500	1448890994	11	105
4616	22.000	1448890995	7	105
4617	22.062	1448891115	9	106
4618	22.125	1448891116	8	106
4619	21.875	1448891117	10	106
4620	20.312	1448891118	6	106
4621	27.437	1448891120	11	106
4622	22.000	1448891121	7	106
4623	22.062	1448891242	9	107
4624	22.062	1448891242	8	107
4625	21.875	1448891244	10	107
4626	20.312	1448891245	6	107
4627	27.437	1448891246	11	107
4628	22.000	1448891247	7	107
4629	22.062	1448891368	9	108
4630	22.062	1448891368	8	108
4631	21.875	1448891369	10	108
4632	20.437	1448891370	6	108
4633	27.187	1448891372	11	108
4634	21.937	1448891373	7	108
4635	22.062	1448891494	9	109
4636	22.062	1448891495	8	109
4637	21.875	1448891495	10	109
4638	20.500	1448891496	6	109
4639	27.187	1448891497	11	109
4640	21.937	1448891498	7	109
4641	22.000	1448891619	9	110
4642	22.062	1448891620	8	110
4643	21.875	1448891621	10	110
4644	20.375	1448891622	6	110
4645	27.562	1448891623	11	110
4646	21.937	1448891625	7	110
4647	22.000	1448891746	9	111
4648	22.000	1448891747	8	111
4649	21.875	1448891749	10	111
4650	20.437	1448891750	6	111
4651	27.500	1448891751	11	111
4652	21.937	1448891752	7	111
4653	22.000	1448891873	9	112
4654	22.062	1448891874	8	112
4655	21.812	1448891874	10	112
4656	20.437	1448891875	6	112
4657	27.312	1448891876	11	112
4658	21.937	1448891877	7	112
4659	21.937	1448891998	9	113
4660	22.000	1448891999	8	113
4661	21.750	1448892000	10	113
4662	20.500	1448892001	6	113
4663	27.500	1448892001	11	113
4664	21.937	1448892002	7	113
4665	21.937	1448892123	9	114
4666	22.000	1448892124	8	114
4667	21.750	1448892125	10	114
4668	20.375	1448892126	6	114
4669	27.562	1448892127	11	114
4670	21.937	1448892127	7	114
4671	21.937	1448892248	9	115
4672	22.000	1448892249	8	115
4673	21.750	1448892250	10	115
4674	20.375	1448892251	6	115
4675	27.375	1448892252	11	115
4676	21.937	1448892253	7	115
4677	21.937	1448892374	9	116
4678	22.000	1448892374	8	116
4679	21.750	1448892375	10	116
4680	20.375	1448892376	6	116
4681	27.312	1448892377	11	116
4682	21.937	1448892378	7	116
4683	22.000	1448892500	9	117
4684	22.000	1448892501	8	117
4685	21.750	1448892501	10	117
4686	20.375	1448892502	6	117
4687	27.625	1448892503	11	117
4688	21.875	1448892504	7	117
4689	21.875	1448892625	9	118
4690	22.000	1448892626	8	118
4691	21.750	1448892627	10	118
4692	20.375	1448892628	6	118
4693	27.625	1448892629	11	118
4694	21.875	1448892630	7	118
4695	21.875	1448892751	9	119
4696	22.000	1448892752	8	119
4697	21.750	1448892753	10	119
4698	20.375	1448892754	6	119
4699	27.562	1448892754	11	119
4700	21.875	1448892755	7	119
4701	21.875	1448892876	9	120
4702	21.937	1448892877	8	120
4703	21.687	1448892878	10	120
4704	20.312	1448892879	6	120
4705	27.375	1448892880	11	120
4706	21.875	1448892881	7	120
4707	21.875	1448893002	9	121
4708	21.937	1448893003	8	121
4709	21.687	1448893004	10	121
4710	20.312	1448893005	6	121
4711	27.375	1448893006	11	121
4712	21.812	1448893007	7	121
4713	21.875	1448893128	9	122
4714	21.937	1448893129	8	122
4715	21.687	1448893130	10	122
4716	20.187	1448893131	6	122
4717	27.312	1448893132	11	122
4718	21.812	1448893133	7	122
4719	21.875	1448893254	9	123
4720	21.875	1448893255	8	123
4721	21.687	1448893256	10	123
4722	20.187	1448893257	6	123
4723	27.375	1448893258	11	123
4724	21.750	1448893259	7	123
4725	21.812	1448893380	9	124
4726	21.875	1448893381	8	124
4727	21.625	1448893381	10	124
4728	20.312	1448893382	6	124
4729	27.500	1448893384	11	124
4730	21.750	1448893385	7	124
4731	21.812	1448893506	9	125
4732	21.875	1448893507	8	125
4733	21.625	1448893508	10	125
4734	20.187	1448893508	6	125
4735	27.250	1448893509	11	125
4736	21.750	1448893510	7	125
4737	21.812	1448893631	9	126
4738	21.875	1448893632	8	126
4739	21.687	1448893633	10	126
4740	20.125	1448893634	6	126
4741	27.312	1448893635	11	126
4742	21.750	1448893635	7	126
4743	21.812	1448893756	9	127
4744	21.875	1448893757	8	127
4745	21.625	1448893758	10	127
4746	20.125	1448893760	6	127
4747	27.437	1448893761	11	127
4748	21.750	1448893763	7	127
4749	21.750	1448893884	9	128
4750	21.812	1448893885	8	128
4751	21.625	1448893886	10	128
4752	20.125	1448893887	6	128
4753	27.375	1448893887	11	128
4754	21.750	1448893888	7	128
4755	21.750	1448894009	9	129
4756	21.812	1448894010	8	129
4757	21.625	1448894011	10	129
4758	20.125	1448894013	6	129
4759	27.250	1448894014	11	129
4760	21.687	1448894014	7	129
4761	21.750	1448894135	9	130
4762	21.875	1448894136	8	130
4763	21.562	1448894137	10	130
4764	20.250	1448894138	6	130
4765	27.250	1448894139	11	130
4766	21.687	1448894140	7	130
4767	21.750	1448894261	9	131
4768	21.875	1448894262	8	131
4769	21.562	1448894264	10	131
4770	20.187	1448894265	6	131
4771	27.500	1448894266	11	131
4772	21.687	1448894267	7	131
4773	21.750	1448894388	9	132
4774	21.875	1448894389	8	132
4775	21.562	1448894390	10	132
4776	20.125	1448894391	6	132
4777	27.250	1448894392	11	132
4778	21.687	1448894393	7	132
4779	21.750	1448894514	9	133
4780	21.812	1448894515	8	133
4781	21.562	1448894515	10	133
4782	20.000	1448894517	6	133
4783	27.250	1448894518	11	133
4784	21.687	1448894519	7	133
4785	21.687	1448894641	9	134
4786	21.750	1448894641	8	134
4787	21.562	1448894642	10	134
4788	20.000	1448894643	6	134
4789	27.250	1448894644	11	134
4790	21.625	1448894645	7	134
4791	21.687	1448894766	9	135
4792	21.687	1448894767	8	135
4793	21.562	1448894768	10	135
4794	20.125	1448894769	6	135
4795	26.875	1448894770	11	135
4796	21.625	1448894773	7	135
4797	21.687	1448894894	9	136
4798	21.750	1448894896	8	136
4799	21.500	1448894897	10	136
4800	20.125	1448894899	6	136
4801	27.250	1448894900	11	136
4802	21.625	1448894900	7	136
4803	21.625	1448895021	9	137
4804	21.750	1448895022	8	137
4805	21.500	1448895023	10	137
4806	20.250	1448895024	6	137
4807	27.375	1448895025	11	137
4808	21.625	1448895026	7	137
4809	21.687	1448895147	9	138
4810	21.750	1448895147	8	138
4811	21.500	1448895148	10	138
4812	20.250	1448895149	6	138
4813	27.000	1448895150	11	138
4814	21.625	1448895151	7	138
4815	21.687	1448895272	9	139
4816	21.750	1448895273	8	139
4817	21.500	1448895274	10	139
4818	19.937	1448895274	6	139
4819	27.000	1448895275	11	139
4820	21.625	1448895276	7	139
4821	21.625	1448895397	9	140
4822	21.750	1448895398	8	140
4823	21.500	1448895399	10	140
4824	19.937	1448895400	6	140
4825	27.000	1448895401	11	140
4826	21.625	1448895401	7	140
4827	21.625	1448895522	9	141
4828	21.750	1448895523	8	141
4829	21.500	1448895524	10	141
4830	19.937	1448895525	6	141
4831	27.375	1448895526	11	141
4832	21.562	1448895527	7	141
4833	21.625	1448895649	9	142
4834	21.750	1448895649	8	142
4835	21.500	1448895651	10	142
4836	19.937	1448895652	6	142
4837	27.187	1448895653	11	142
4838	21.562	1448895654	7	142
4839	21.625	1448895775	9	143
4840	21.750	1448895776	8	143
4841	21.437	1448895776	10	143
4842	20.125	1448895777	6	143
4843	27.187	1448895778	11	143
4844	21.562	1448895779	7	143
4845	21.625	1448895901	9	144
4846	21.687	1448895902	8	144
4847	21.437	1448895903	10	144
4848	20.125	1448895903	6	144
4849	26.937	1448895904	11	144
4850	21.562	1448895905	7	144
4851	21.625	1448896026	9	145
4852	21.750	1448896027	8	145
4853	21.437	1448896029	10	145
4854	20.000	1448896029	6	145
4855	27.000	1448896030	11	145
4856	21.562	1448896031	7	145
4857	21.625	1448896152	9	146
4858	21.812	1448896154	8	146
4859	21.437	1448896155	10	146
4860	20.062	1448896156	6	146
4861	27.250	1448896157	11	146
4862	21.562	1448896158	7	146
4863	21.562	1448896279	9	147
4864	21.687	1448896280	8	147
4865	21.437	1448896281	10	147
4866	20.125	1448896283	6	147
4867	27.250	1448896283	11	147
4868	21.562	1448896285	7	147
4869	21.625	1448896406	9	148
4870	21.687	1448896407	8	148
4871	21.437	1448896408	10	148
4872	20.125	1448896409	6	148
4873	26.937	1448896409	11	148
4874	21.562	1448896410	7	148
4875	21.562	1448896531	9	149
4876	21.750	1448896532	8	149
4877	21.437	1448896534	10	149
4878	20.125	1448896535	6	149
4879	27.312	1448896536	11	149
4880	21.562	1448896536	7	149
4881	21.625	1448896658	9	150
4882	21.687	1448896659	8	150
4883	21.437	1448896660	10	150
4884	20.125	1448896661	6	150
4885	27.312	1448896662	11	150
4886	21.562	1448896662	7	150
4887	21.625	1448896783	9	151
4888	21.687	1448896784	8	151
4889	21.437	1448896785	10	151
4890	20.000	1448896786	6	151
4891	27.062	1448896787	11	151
4892	21.562	1448896788	7	151
4893	21.562	1448896909	9	152
4894	21.750	1448896910	8	152
4895	21.437	1448896910	10	152
4896	20.062	1448896912	6	152
4897	27.062	1448896913	11	152
4898	21.562	1448896914	7	152
4899	21.562	1448897035	9	153
4900	21.687	1448897036	8	153
4901	21.437	1448897036	10	153
4902	20.000	1448897038	6	153
4903	26.937	1448897039	11	153
4904	21.562	1448897041	7	153
4905	21.562	1448897162	9	154
4906	21.750	1448897163	8	154
4907	21.437	1448897163	10	154
4908	19.937	1448897164	6	154
4909	27.125	1448897165	11	154
4910	21.500	1448897166	7	154
4911	21.562	1448897287	9	155
4912	21.687	1448897289	8	155
4913	21.375	1448897289	10	155
4914	20.062	1448897290	6	155
4915	27.437	1448897291	11	155
4916	21.562	1448897292	7	155
4917	21.562	1448897413	9	156
4918	21.687	1448897414	8	156
4919	21.375	1448897415	10	156
4920	19.875	1448897417	6	156
4921	27.000	1448897417	11	156
4922	21.500	1448897418	7	156
4923	21.500	1448897539	9	157
4924	21.625	1448897540	8	157
4925	21.375	1448897542	10	157
4926	20.125	1448897543	6	157
4927	27.000	1448897544	11	157
4928	21.500	1448897545	7	157
4929	21.500	1448897666	9	158
4930	21.625	1448897667	8	158
4931	21.375	1448897668	10	158
4932	19.875	1448897669	6	158
4933	27.000	1448897670	11	158
4934	21.500	1448897670	7	158
4935	21.562	1448897791	9	159
4936	21.687	1448897792	8	159
4937	21.375	1448897793	10	159
4938	19.937	1448897794	6	159
4939	27.000	1448897795	11	159
4940	21.500	1448897797	7	159
4941	21.562	1448897918	9	160
4942	21.687	1448897919	8	160
4943	21.375	1448897920	10	160
4944	19.937	1448897921	6	160
4945	27.000	1448897922	11	160
4946	21.500	1448897923	7	160
4947	21.562	1448898044	9	161
4948	21.625	1448898044	8	161
4949	21.375	1448898045	10	161
4950	19.812	1448898046	6	161
4951	27.000	1448898047	11	161
4952	21.500	1448898048	7	161
4953	21.562	1448898169	9	162
4954	21.562	1448898170	8	162
4955	21.375	1448898171	10	162
4956	19.812	1448898172	6	162
4957	26.937	1448898173	11	162
4958	21.500	1448898174	7	162
4959	21.500	1448898295	9	163
4960	21.562	1448898296	8	163
4961	21.375	1448898297	10	163
4962	19.875	1448898297	6	163
4963	26.937	1448898298	11	163
4964	21.500	1448898299	7	163
4965	21.500	1448898420	9	164
4966	21.562	1448898421	8	164
4967	21.375	1448898422	10	164
4968	19.875	1448898423	6	164
4969	26.875	1448898424	11	164
4970	21.437	1448898424	7	164
4971	21.500	1448898545	9	165
4972	21.562	1448898546	8	165
4973	21.375	1448898547	10	165
4974	19.750	1448898548	6	165
4975	26.875	1448898549	11	165
4976	21.437	1448898550	7	165
4977	21.437	1448898671	9	166
4978	21.562	1448898671	8	166
4979	21.312	1448898672	10	166
4980	19.875	1448898673	6	166
4981	26.937	1448898674	11	166
4982	21.437	1448898675	7	166
4983	21.437	1448898796	9	167
4984	21.562	1448898797	8	167
4985	21.312	1448898798	10	167
4986	19.937	1448898799	6	167
4987	26.937	1448898800	11	167
4988	21.375	1448898801	7	167
4989	21.437	1448898922	9	168
4990	21.500	1448898923	8	168
4991	21.312	1448898924	10	168
4992	19.937	1448898925	6	168
4993	26.812	1448898927	11	168
4994	21.375	1448898928	7	168
4995	21.437	1448899049	9	169
4996	21.437	1448899050	8	169
4997	21.312	1448899051	10	169
4998	19.937	1448899051	6	169
4999	27.000	1448899052	11	169
5000	21.375	1448899053	7	169
5001	21.437	1448899174	9	170
5002	21.437	1448899175	8	170
5003	21.250	1448899176	10	170
5004	19.875	1448899177	6	170
5005	26.875	1448899178	11	170
5006	21.375	1448899178	7	170
5007	21.375	1448899299	9	171
5008	21.500	1448899300	8	171
5009	21.250	1448899301	10	171
5010	19.687	1448899302	6	171
5011	27.000	1448899303	11	171
5012	21.312	1448899304	7	171
5013	21.437	1448899425	9	172
5014	21.437	1448899427	8	172
5015	21.250	1448899428	10	172
5016	19.750	1448899430	6	172
5017	27.000	1448899431	11	172
5018	21.312	1448899431	7	172
5019	21.375	1448899552	9	173
5020	21.437	1448899553	8	173
5021	21.250	1448899554	10	173
5022	19.937	1448899555	6	173
5023	27.000	1448899556	11	173
5024	21.312	1448899557	7	173
5025	21.375	1448899679	9	174
5026	21.375	1448899680	8	174
5027	21.187	1448899681	10	174
5028	19.937	1448899682	6	174
5029	27.000	1448899683	11	174
5030	21.312	1448899684	7	174
5031	21.375	1448899805	9	175
5032	21.312	1448899806	8	175
5033	21.187	1448899807	10	175
5034	19.812	1448899809	6	175
5035	27.125	1448899810	11	175
5036	21.312	1448899810	7	175
5037	21.312	1448899931	9	176
5038	21.312	1448899932	8	176
5039	21.187	1448899933	10	176
5040	19.750	1448899934	6	176
5041	27.125	1448899935	11	176
5042	21.250	1448899936	7	176
5043	21.312	1448900057	9	177
5044	21.312	1448900058	8	177
5045	21.125	1448900058	10	177
5046	19.625	1448900059	6	177
5047	27.125	1448900060	11	177
5048	21.250	1448900061	7	177
5049	21.312	1448900182	9	178
5050	21.312	1448900183	8	178
5051	21.125	1448900184	10	178
5052	19.812	1448900184	6	178
5053	27.125	1448900185	11	178
5054	21.250	1448900186	7	178
5055	21.312	1448900307	9	179
5056	21.312	1448900308	8	179
5057	21.125	1448900309	10	179
5058	19.812	1448900310	6	179
5059	26.750	1448900311	11	179
5060	21.250	1448900311	7	179
5061	21.312	1448900432	9	180
5062	21.312	1448900433	8	180
5063	21.187	1448900434	10	180
5064	19.625	1448900435	6	180
5065	26.562	1448900437	11	180
5066	21.250	1448900438	7	180
5067	21.250	1448900559	9	181
5068	21.250	1448900559	8	181
5069	21.125	1448900560	10	181
5070	19.562	1448900561	6	181
5071	26.750	1448900563	11	181
5072	21.187	1448900564	7	181
5073	21.250	1448900685	9	182
5074	21.312	1448900686	8	182
5075	21.125	1448900687	10	182
5076	19.687	1448900688	6	182
5077	26.625	1448900690	11	182
5078	21.187	1448900691	7	182
5079	21.250	1448900812	9	183
5080	21.312	1448900812	8	183
5081	21.125	1448900813	10	183
5082	19.687	1448900814	6	183
5083	27.250	1448900815	11	183
5084	21.187	1448900816	7	183
5085	21.250	1448900937	9	184
5086	21.250	1448900938	8	184
5087	21.062	1448900940	10	184
5088	19.562	1448900941	6	184
5089	26.875	1448900942	11	184
5090	21.187	1448900943	7	184
5091	21.250	1448901064	9	185
5092	21.187	1448901065	8	185
5093	21.062	1448901065	10	185
5094	19.625	1448901067	6	185
5095	26.875	1448901068	11	185
5096	21.125	1448901069	7	185
5097	21.187	1448901190	9	186
5098	21.187	1448901191	8	186
5099	21.062	1448901192	10	186
5100	19.625	1448901193	6	186
5101	26.562	1448901194	11	186
5102	21.125	1448901195	7	186
5103	21.250	1448901316	9	187
5104	21.250	1448901317	8	187
5105	21.062	1448901318	10	187
5106	19.500	1448901318	6	187
5107	26.625	1448901320	11	187
5108	21.125	1448901321	7	187
5109	21.250	1448901443	9	188
5110	21.250	1448901444	8	188
5111	21.062	1448901445	10	188
5112	19.625	1448901445	6	188
5113	26.750	1448901446	11	188
5114	21.125	1448901447	7	188
5115	21.187	1448901568	9	189
5116	21.312	1448901569	8	189
5117	21.062	1448901570	10	189
5118	19.625	1448901571	6	189
5119	26.375	1448901572	11	189
5120	21.125	1448901572	7	189
5121	21.187	1448901693	9	190
5122	21.312	1448901694	8	190
5123	21.062	1448901695	10	190
5124	19.437	1448901696	6	190
5125	26.750	1448901697	11	190
5126	21.125	1448901698	7	190
5127	21.187	1448901819	9	191
5128	21.312	1448901819	8	191
5129	21.062	1448901820	10	191
5130	19.562	1448901821	6	191
5131	26.750	1448901822	11	191
5132	21.125	1448901823	7	191
5133	21.187	1448901944	9	192
5134	21.187	1448901945	8	192
5135	21.000	1448901946	10	192
5136	19.375	1448901946	6	192
5137	26.750	1448901947	11	192
5138	21.125	1448901948	7	192
5139	21.125	1448902069	9	193
5140	21.187	1448902070	8	193
5141	21.000	1448902071	10	193
5142	19.437	1448902072	6	193
5143	26.750	1448902073	11	193
5144	21.125	1448902073	7	193
5145	21.125	1448902194	9	194
5146	21.062	1448902195	8	194
5147	21.000	1448902196	10	194
5148	19.437	1448902197	6	194
5149	26.750	1448902198	11	194
5150	21.062	1448902199	7	194
5151	21.125	1448902320	9	195
5152	21.062	1448902321	8	195
5153	20.937	1448902322	10	195
5154	19.500	1448902323	6	195
5155	26.625	1448902324	11	195
5156	21.000	1448902325	7	195
5157	21.125	1448902446	9	196
5158	21.062	1448902446	8	196
5159	20.937	1448902447	10	196
5160	19.437	1448902448	6	196
5161	26.625	1448902449	11	196
5162	21.000	1448902450	7	196
5163	21.062	1448902571	9	197
5164	21.062	1448902573	8	197
5165	20.937	1448902573	10	197
5166	19.437	1448902574	6	197
5167	26.375	1448902575	11	197
5168	21.000	1448902576	7	197
5169	21.062	1448902698	9	198
5170	21.062	1448902699	8	198
5171	20.937	1448902700	10	198
5172	19.437	1448902700	6	198
5173	26.500	1448902701	11	198
5174	21.000	1448902702	7	198
5175	21.062	1448902823	9	199
5176	21.062	1448902824	8	199
5177	20.875	1448902825	10	199
5178	19.375	1448902826	6	199
5179	26.125	1448902827	11	199
5180	21.000	1448902828	7	199
5181	21.062	1448902951	9	200
5182	21.062	1448902952	8	200
5183	20.875	1448902953	10	200
5184	19.250	1448902953	6	200
5185	26.125	1448902954	11	200
5186	20.937	1448902955	7	200
5187	21.062	1448903076	9	201
5188	21.062	1448903077	8	201
5189	20.875	1448903078	10	201
5190	19.250	1448903079	6	201
5191	26.312	1448903080	11	201
5192	20.937	1448903082	7	201
5193	21.062	1448903203	9	202
5194	21.062	1448903204	8	202
5195	20.875	1448903205	10	202
5196	19.250	1448903206	6	202
5197	26.312	1448903206	11	202
5198	20.937	1448903207	7	202
5199	21.062	1448903328	9	203
5200	21.062	1448903330	8	203
5201	20.875	1448903331	10	203
5202	19.250	1448903332	6	203
5203	26.187	1448903333	11	203
5204	20.937	1448903333	7	203
5205	21.062	1448903454	9	204
5206	21.062	1448903455	8	204
5207	20.875	1448903456	10	204
5208	19.250	1448903457	6	204
5209	26.250	1448903459	11	204
5210	20.937	1448903460	7	204
5211	21.000	1448903581	9	205
5212	21.062	1448903581	8	205
5213	20.875	1448903582	10	205
5214	19.250	1448903583	6	205
5215	26.375	1448903584	11	205
5216	20.937	1448903585	7	205
5217	21.000	1448903706	9	206
5218	21.000	1448903707	8	206
5219	20.875	1448903708	10	206
5220	19.187	1448903709	6	206
5221	26.375	1448903710	11	206
5222	20.937	1448903711	7	206
5223	20.937	1448903832	9	207
5224	20.937	1448903833	8	207
5225	20.875	1448903834	10	207
5226	19.250	1448903834	6	207
5227	26.125	1448903835	11	207
5228	20.875	1448903837	7	207
5229	20.937	1448903958	9	208
5230	20.875	1448903959	8	208
5231	20.812	1448903960	10	208
5232	19.125	1448903961	6	208
5233	26.312	1448903964	11	208
5234	20.875	1448903965	7	208
5235	20.937	1448904087	9	209
5236	20.875	1448904088	8	209
5237	20.812	1448904089	10	209
5238	19.125	1448904090	6	209
5239	26.500	1448904091	11	209
5240	20.875	1448904092	7	209
5241	20.937	1448904213	9	210
5242	20.937	1448904214	8	210
5243	20.812	1448904214	10	210
5244	19.125	1448904215	6	210
5245	26.562	1448904216	11	210
5246	20.875	1448904217	7	210
5247	20.937	1448904338	9	211
5248	20.937	1448904341	8	211
5249	20.750	1448904341	10	211
5250	19.125	1448904342	6	211
5251	26.187	1448904344	11	211
5252	20.812	1448904345	7	211
5253	20.937	1448904466	9	212
5254	20.937	1448904467	8	212
5255	20.750	1448904468	10	212
5256	19.375	1448904468	6	212
5257	26.187	1448904469	11	212
5258	20.812	1448904470	7	212
5259	20.937	1448904591	9	213
5260	20.875	1448904593	8	213
5261	20.750	1448904594	10	213
5262	19.187	1448904595	6	213
5263	26.062	1448904595	11	213
5264	20.812	1448904596	7	213
5265	20.937	1448904717	9	214
5266	20.875	1448904718	8	214
5267	20.750	1448904720	10	214
5268	19.187	1448904721	6	214
5269	26.187	1448904722	11	214
5270	20.812	1448904722	7	214
5271	20.875	1448904843	9	215
5272	20.875	1448904844	8	215
5273	20.750	1448904845	10	215
5274	19.187	1448904846	6	215
5275	26.125	1448904847	11	215
5276	20.812	1448904848	7	215
5277	20.875	1448904969	9	216
5278	20.875	1448904970	8	216
5279	20.750	1448904970	10	216
5280	19.312	1448904971	6	216
5281	26.000	1448904972	11	216
5282	20.812	1448904973	7	216
5283	20.875	1448905094	9	217
5284	20.937	1448905095	8	217
5285	20.750	1448905096	10	217
5286	19.125	1448905097	6	217
5287	26.000	1448905098	11	217
5288	20.812	1448905099	7	217
5289	20.875	1448905220	9	218
5290	20.875	1448905221	8	218
5291	20.687	1448905222	10	218
5292	19.062	1448905224	6	218
5293	26.000	1448905224	11	218
5294	20.812	1448905227	7	218
5295	20.812	1448905348	9	219
5296	20.875	1448905349	8	219
5297	20.687	1448905350	10	219
5298	19.312	1448905350	6	219
5299	26.000	1448905351	11	219
5300	20.750	1448905352	7	219
5301	20.812	1448905473	9	220
5302	20.875	1448905474	8	220
5303	20.687	1448905475	10	220
5304	19.312	1448905476	6	220
5305	26.312	1448905477	11	220
5306	20.750	1448905477	7	220
5307	20.812	1448905600	9	221
5308	20.812	1448905601	8	221
5309	20.687	1448905602	10	221
5310	19.187	1448905603	6	221
5311	26.312	1448905603	11	221
5312	20.750	1448905604	7	221
5313	20.812	1448905725	9	222
5314	20.750	1448905726	8	222
5315	20.625	1448905727	10	222
5316	19.125	1448905729	6	222
5317	26.187	1448905730	11	222
5318	20.750	1448905730	7	222
5319	20.812	1448905851	9	223
5320	20.750	1448905852	8	223
5321	20.625	1448905853	10	223
5322	19.125	1448905854	6	223
5323	25.937	1448905856	11	223
5324	20.687	1448905857	7	223
5325	20.750	1448905978	9	224
5326	20.687	1448905978	8	224
5327	20.625	1448905980	10	224
5328	19.125	1448905981	6	224
5329	26.375	1448905982	11	224
5330	20.687	1448905983	7	224
5331	20.750	1448906104	9	225
5332	20.687	1448906104	8	225
5333	20.625	1448906105	10	225
5334	19.000	1448906106	6	225
5335	26.250	1448906107	11	225
5336	20.687	1448906109	7	225
5337	20.750	1448906230	9	226
5338	20.687	1448906230	8	226
5339	20.562	1448906231	10	226
5340	18.937	1448906232	6	226
5341	26.187	1448906233	11	226
5342	20.687	1448906234	7	226
5343	20.750	1448906355	9	227
5344	20.687	1448906356	8	227
5345	20.562	1448906357	10	227
5346	19.062	1448906358	6	227
5347	26.062	1448906358	11	227
5348	20.625	1448906359	7	227
5349	20.750	1448906480	9	228
5350	20.687	1448906481	8	228
5351	20.562	1448906482	10	228
5352	19.125	1448906483	6	228
5353	26.125	1448906484	11	228
5354	20.625	1448906484	7	228
5355	20.750	1448906605	9	229
5356	20.750	1448906607	8	229
5357	20.562	1448906608	10	229
5358	19.187	1448906609	6	229
5359	26.000	1448906610	11	229
5360	20.625	1448906611	7	229
5361	20.687	1448906732	9	230
5362	20.750	1448906733	8	230
5363	20.562	1448906734	10	230
5364	19.062	1448906735	6	230
5365	26.000	1448906736	11	230
5366	20.625	1448906737	7	230
5367	20.687	1448906858	9	231
5368	20.687	1448906858	8	231
5369	20.562	1448906859	10	231
5370	19.062	1448906860	6	231
5371	26.437	1448906861	11	231
5372	20.625	1448906862	7	231
5373	20.687	1448906983	9	232
5374	20.687	1448906984	8	232
5375	20.562	1448906984	10	232
5376	19.062	1448906985	6	232
5377	26.437	1448906986	11	232
5378	20.625	1448906989	7	232
5379	20.687	1448907110	9	233
5380	20.687	1448907111	8	233
5381	20.562	1448907111	10	233
5382	19.062	1448907112	6	233
5383	26.375	1448907113	11	233
5384	20.625	1448907114	7	233
5385	20.687	1448907235	9	234
5386	20.750	1448907236	8	234
5387	20.500	1448907237	10	234
5388	19.062	1448907238	6	234
5389	26.000	1448907238	11	234
5390	20.562	1448907240	7	234
5391	20.687	1448907361	9	235
5392	20.687	1448907362	8	235
5393	20.500	1448907364	10	235
5394	19.000	1448907364	6	235
5395	26.187	1448907365	11	235
5396	20.562	1448907366	7	235
5397	20.625	1448907487	9	236
5398	20.687	1448907488	8	236
5399	20.500	1448907489	10	236
5400	18.875	1448907490	6	236
5401	26.125	1448907491	11	236
5402	20.562	1448907491	7	236
5403	20.625	1448907612	9	237
5404	20.625	1448907613	8	237
5405	20.500	1448907614	10	237
5406	18.750	1448907615	6	237
5407	26.125	1448907616	11	237
5408	20.562	1448907617	7	237
5409	20.625	1448907739	9	238
5410	20.562	1448907740	8	238
5411	20.500	1448907741	10	238
5412	18.750	1448907742	6	238
5413	25.812	1448907743	11	238
5414	20.562	1448907744	7	238
5415	20.625	1448907865	9	239
5416	20.625	1448907866	8	239
5417	20.437	1448907867	10	239
5418	18.750	1448907869	6	239
5419	26.000	1448907870	11	239
5420	20.562	1448907871	7	239
5421	20.625	1448907992	9	240
5422	20.687	1448907994	8	240
5423	20.437	1448907995	10	240
5424	18.937	1448907996	6	240
5425	26.250	1448907997	11	240
5426	20.562	1448907997	7	240
5427	20.562	1448908118	9	241
5428	20.687	1448908119	8	241
5429	20.437	1448908120	10	241
5430	18.937	1448908121	6	241
5431	26.187	1448908122	11	241
5432	20.562	1448908123	7	241
5433	20.562	1448908244	9	242
5434	20.687	1448908245	8	242
5435	20.437	1448908246	10	242
5436	18.875	1448908247	6	242
5437	26.000	1448908248	11	242
5438	20.562	1448908249	7	242
5439	20.562	1448908370	9	243
5440	20.562	1448908371	8	243
5441	20.437	1448908372	10	243
5442	18.875	1448908373	6	243
5443	25.937	1448908374	11	243
5444	20.500	1448908376	7	243
5445	20.562	1448908497	9	244
5446	20.562	1448908498	8	244
5447	20.437	1448908499	10	244
5448	18.875	1448908500	6	244
5449	26.250	1448908501	11	244
5450	20.500	1448908502	7	244
5451	20.500	1448908623	9	245
5452	20.500	1448908625	8	245
5453	20.437	1448908626	10	245
5454	18.937	1448908627	6	245
5455	26.187	1448908628	11	245
5456	20.500	1448908629	7	245
5457	20.500	1448908750	9	246
5458	20.500	1448908751	8	246
5459	20.437	1448908752	10	246
5460	18.875	1448908753	6	246
5461	26.250	1448908754	11	246
5462	20.437	1448908756	7	246
5463	20.500	1448908877	9	247
5464	20.437	1448908878	8	247
5465	20.375	1448908879	10	247
5466	18.875	1448908880	6	247
5467	25.937	1448908881	11	247
5468	20.437	1448908882	7	247
5469	20.500	1448909003	9	248
5470	20.500	1448909004	8	248
5471	20.312	1448909005	10	248
5472	18.875	1448909006	6	248
5473	25.625	1448909007	11	248
5474	20.437	1448909008	7	248
5475	20.500	1448909129	9	249
5476	20.500	1448909130	8	249
5477	20.312	1448909131	10	249
5478	18.875	1448909131	6	249
5479	25.625	1448909132	11	249
5480	20.437	1448909133	7	249
5481	20.500	1448909255	9	250
5482	20.562	1448909256	8	250
5483	20.312	1448909257	10	250
5484	18.875	1448909257	6	250
5485	25.812	1448909258	11	250
5486	20.437	1448909259	7	250
5487	20.500	1448909380	9	251
5488	20.437	1448909381	8	251
5489	20.312	1448909382	10	251
5490	18.875	1448909383	6	251
5491	25.562	1448909384	11	251
5492	20.437	1448909384	7	251
5493	20.500	1448909505	9	252
5494	20.500	1448909506	8	252
5495	20.312	1448909508	10	252
5496	18.750	1448909509	6	252
5497	26.062	1448909511	11	252
5498	20.375	1448909511	7	252
5499	20.500	1448909632	9	253
5500	20.437	1448909633	8	253
5501	20.312	1448909635	10	253
5502	18.750	1448909636	6	253
5503	25.375	1448909637	11	253
5504	20.312	1448909638	7	253
5505	20.500	1448909759	9	254
5506	20.437	1448909760	8	254
5507	20.250	1448909761	10	254
5508	18.750	1448909762	6	254
5509	25.750	1448909763	11	254
5510	20.312	1448909764	7	254
5511	20.500	1448909885	9	255
5512	20.375	1448909886	8	255
5513	20.250	1448909887	10	255
5514	18.875	1448909888	6	255
5515	25.625	1448909889	11	255
5516	20.312	1448909890	7	255
5517	20.437	1448910010	9	256
5518	20.375	1448910011	8	256
5519	20.250	1448910012	10	256
5520	18.687	1448910013	6	256
5521	25.625	1448910014	11	256
5522	20.312	1448910015	7	256
5523	20.375	1448910136	9	257
5524	20.375	1448910137	8	257
5525	20.250	1448910138	10	257
5526	18.812	1448910139	6	257
5527	25.625	1448910140	11	257
5528	20.312	1448910141	7	257
5529	20.375	1448910262	9	258
5530	20.375	1448910263	8	258
5531	20.187	1448910264	10	258
5532	18.812	1448910265	6	258
5533	25.687	1448910265	11	258
5534	20.312	1448910266	7	258
5535	20.375	1448910387	9	259
5536	20.375	1448910388	8	259
5537	20.187	1448910389	10	259
5538	18.625	1448910390	6	259
5539	25.687	1448910391	11	259
5540	20.312	1448910391	7	259
5541	20.375	1448910512	9	260
5542	20.375	1448910513	8	260
5543	20.187	1448910514	10	260
5544	18.500	1448910515	6	260
5545	25.562	1448910516	11	260
5546	20.250	1448910517	7	260
5547	20.375	1448910638	9	261
5548	20.312	1448910639	8	261
5549	20.187	1448910639	10	261
5550	18.750	1448910640	6	261
5551	25.875	1448910641	11	261
5552	20.250	1448910642	7	261
5553	20.312	1448910763	9	262
5554	20.250	1448910764	8	262
5555	20.187	1448910765	10	262
5556	18.750	1448910766	6	262
5557	25.812	1448910766	11	262
5558	20.250	1448910768	7	262
5559	20.312	1448910889	9	263
5560	20.312	1448910890	8	263
5561	20.187	1448910891	10	263
5562	18.812	1448910892	6	263
5563	25.312	1448910894	11	263
5564	20.187	1448910894	7	263
5565	20.312	1448911015	9	264
5566	20.250	1448911017	8	264
5567	20.187	1448911018	10	264
5568	18.625	1448911019	6	264
5569	25.312	1448911020	11	264
5570	20.250	1448911020	7	264
5571	20.312	1448911141	9	265
5572	20.250	1448911144	8	265
5573	20.125	1448911146	10	265
5574	18.687	1448911147	6	265
5575	25.687	1448911148	11	265
5576	20.250	1448911149	7	265
5577	20.312	1448911270	9	266
5578	20.250	1448911272	8	266
5579	20.125	1448911273	10	266
5580	18.687	1448911273	6	266
5581	25.812	1448911274	11	266
5582	20.187	1448911275	7	266
5583	20.312	1448911397	9	267
5584	20.312	1448911398	8	267
5585	20.125	1448911399	10	267
5586	18.562	1448911400	6	267
5587	25.500	1448911401	11	267
5588	20.187	1448911402	7	267
5589	20.312	1448911523	9	268
5590	20.312	1448911525	8	268
5591	20.125	1448911526	10	268
5592	18.625	1448911526	6	268
5593	25.500	1448911527	11	268
5594	20.187	1448911528	7	268
5595	20.312	1448911650	9	269
5596	20.312	1448911651	8	269
5597	20.125	1448911652	10	269
5598	18.812	1448911653	6	269
5599	25.687	1448911653	11	269
5600	20.187	1448911654	7	269
5601	20.312	1448911775	9	270
5602	20.250	1448911776	8	270
5603	20.125	1448911777	10	270
5604	18.562	1448911778	6	270
5605	25.750	1448911779	11	270
5606	20.187	1448911780	7	270
5607	20.250	1448911900	9	271
5608	20.312	1448911901	8	271
5609	20.062	1448911902	10	271
5610	18.687	1448911903	6	271
5611	25.750	1448911904	11	271
5612	20.187	1448911905	7	271
5613	20.187	1448912026	9	272
5614	20.187	1448912027	8	272
5615	20.062	1448912027	10	272
5616	18.562	1448912028	6	272
5617	25.750	1448912030	11	272
5618	20.187	1448912031	7	272
5619	20.187	1448912152	9	273
5620	20.187	1448912153	8	273
5621	20.062	1448912154	10	273
5622	18.562	1448912154	6	273
5623	25.562	1448912155	11	273
5624	20.125	1448912156	7	273
5625	20.187	1448912277	9	274
5626	20.187	1448912278	8	274
5627	20.000	1448912279	10	274
5628	18.500	1448912280	6	274
5629	25.562	1448912280	11	274
5630	20.125	1448912281	7	274
5631	20.187	1448912402	9	275
5632	20.187	1448912404	8	275
5633	20.000	1448912405	10	275
5634	18.500	1448912406	6	275
5635	25.750	1448912407	11	275
5636	20.125	1448912408	7	275
5637	20.187	1448912529	9	276
5638	20.187	1448912530	8	276
5639	20.000	1448912531	10	276
5640	18.500	1448912532	6	276
5641	25.750	1448912533	11	276
5642	20.125	1448912534	7	276
5643	20.187	1448912655	9	277
5644	20.187	1448912656	8	277
5645	20.000	1448912657	10	277
5646	18.500	1448912658	6	277
5647	25.750	1448912660	11	277
5648	20.062	1448912660	7	277
5649	20.187	1448912781	9	278
5650	20.187	1448912782	8	278
5651	20.000	1448912783	10	278
5652	18.562	1448912784	6	278
5653	25.625	1448912785	11	278
5654	20.062	1448912786	7	278
5655	20.125	1448912907	9	279
5656	20.187	1448912908	8	279
5657	20.000	1448912908	10	279
5658	18.562	1448912909	6	279
5659	25.625	1448912910	11	279
5660	20.062	1448912911	7	279
5661	20.125	1448913032	9	280
5662	20.187	1448913033	8	280
5663	20.000	1448913034	10	280
5664	18.500	1448913037	6	280
5665	25.437	1448913038	11	280
5666	20.062	1448913039	7	280
5667	20.125	1448913160	9	281
5668	20.125	1448913161	8	281
5669	20.000	1448913161	10	281
5670	18.562	1448913162	6	281
5671	25.437	1448913163	11	281
5672	20.062	1448913164	7	281
5673	20.125	1448913285	9	282
5674	20.250	1448913286	8	282
5675	20.000	1448913287	10	282
5676	18.562	1448913288	6	282
5677	25.562	1448913288	11	282
5678	20.062	1448913289	7	282
5679	20.187	1448913410	9	283
5680	20.250	1448913411	8	283
5681	20.000	1448913412	10	283
5682	18.562	1448913413	6	283
5683	25.750	1448913414	11	283
5684	20.062	1448913415	7	283
5685	20.187	1448913536	9	284
5686	20.125	1448913536	8	284
5687	20.000	1448913537	10	284
5688	18.437	1448913540	6	284
5689	25.500	1448913541	11	284
5690	20.062	1448913541	7	284
5691	20.125	1448913662	9	285
5692	20.125	1448913663	8	285
5693	20.000	1448913664	10	285
5694	18.437	1448913665	6	285
5695	25.625	1448913667	11	285
5696	20.062	1448913668	7	285
5697	20.125	1448913788	9	286
5698	20.250	1448913789	8	286
5699	20.000	1448913790	10	286
5700	18.500	1448913791	6	286
5701	25.812	1448913792	11	286
5702	20.062	1448913793	7	286
5703	20.125	1448913914	9	287
5704	20.250	1448913915	8	287
5705	20.000	1448913915	10	287
5706	18.562	1448913916	6	287
5707	25.812	1448913917	11	287
5708	20.062	1448913918	7	287
5709	20.125	1448914039	9	288
5710	20.250	1448914041	8	288
5711	20.000	1448914041	10	288
5712	18.562	1448914042	6	288
5713	25.750	1448914043	11	288
5714	20.062	1448914044	7	288
5715	20.125	1448914165	9	289
5716	20.250	1448914166	8	289
5717	20.000	1448914167	10	289
5718	18.500	1448914168	6	289
5719	25.437	1448914169	11	289
5720	20.062	1448914170	7	289
5721	20.125	1448914291	9	290
5722	20.250	1448914292	8	290
5723	20.000	1448914293	10	290
5724	18.437	1448914294	6	290
5725	25.812	1448914294	11	290
5726	20.062	1448914295	7	290
5727	20.125	1448914416	9	291
5728	20.062	1448914417	8	291
5729	20.000	1448914419	10	291
5730	18.562	1448914420	6	291
5731	25.812	1448914421	11	291
5732	20.062	1448914421	7	291
5733	20.125	1448914543	9	292
5734	20.125	1448914544	8	292
5735	19.937	1448914545	10	292
5736	18.562	1448914546	6	292
5737	25.937	1448914547	11	292
5738	20.000	1448914548	7	292
5739	20.187	1448914669	9	293
5740	20.187	1448914670	8	293
5741	20.000	1448914672	10	293
5742	18.625	1448914673	6	293
5743	25.312	1448914674	11	293
5744	20.000	1448914675	7	293
5745	20.125	1448914798	9	294
5746	20.187	1448914799	8	294
5747	20.000	1448914800	10	294
5748	18.500	1448914800	6	294
5749	26.000	1448914801	11	294
5750	20.000	1448914802	7	294
5751	20.125	1448914923	9	295
5752	20.187	1448914924	8	295
5753	20.000	1448914925	10	295
5754	18.500	1448914926	6	295
5755	25.687	1448914926	11	295
5756	20.000	1448914927	7	295
5757	20.187	1448915049	9	296
5758	20.187	1448915050	8	296
5759	20.000	1448915052	10	296
5760	18.500	1448915053	6	296
5761	26.000	1448915053	11	296
5762	20.062	1448915055	7	296
5763	20.125	1448915176	9	297
5764	20.250	1448915177	8	297
5765	20.000	1448915178	10	297
5766	18.625	1448915179	6	297
5767	25.875	1448915179	11	297
5768	20.062	1448915180	7	297
5769	20.125	1448915301	9	298
5770	20.312	1448915302	8	298
5771	19.937	1448915303	10	298
5772	18.500	1448915304	6	298
5773	25.875	1448915305	11	298
5774	20.062	1448915306	7	298
5775	20.187	1448915427	9	299
5776	20.312	1448915427	8	299
5777	20.000	1448915428	10	299
5778	18.687	1448915431	6	299
5779	25.750	1448915432	11	299
5780	20.125	1448915433	7	299
5781	20.187	1448915553	9	300
5782	20.250	1448915554	8	300
5783	20.000	1448915555	10	300
5784	18.812	1448915556	6	300
5785	25.687	1448915558	11	300
5786	20.062	1448915559	7	300
5787	20.187	1448915680	9	301
5788	20.312	1448915680	8	301
5789	20.000	1448915681	10	301
5790	18.687	1448915682	6	301
5791	25.562	1448915683	11	301
5792	20.062	1448915684	7	301
5793	20.187	1448915805	9	302
5794	20.250	1448915806	8	302
5795	20.000	1448915807	10	302
5796	18.687	1448915807	6	302
5797	25.562	1448915808	11	302
5798	20.062	1448915809	7	302
5799	20.187	1448915930	9	303
5800	20.250	1448915932	8	303
5801	20.000	1448915933	10	303
5802	18.687	1448915934	6	303
5803	25.375	1448915934	11	303
5804	20.062	1448915935	7	303
\.


--
-- Name: readings_id_seq; Type: SEQUENCE SET; Schema: public; Owner: openbrew
--

SELECT pg_catalog.setval('readings_id_seq', 5804, true);


--
-- Data for Name: sensors; Type: TABLE DATA; Schema: public; Owner: openbrew
--

COPY sensors (id, serial, name, fermenterid) FROM stdin;
6	\N	Ambient	7
7	\N	Air	8
8	\N	Wort	8
9	\N	Air	9
10	\N	Wort	9
11	\N	Ambient High	7
\.


--
-- Name: sensors_id_seq; Type: SEQUENCE SET; Schema: public; Owner: openbrew
--

SELECT pg_catalog.setval('sensors_id_seq', 11, true);


--
-- Name: fermenters_pk; Type: CONSTRAINT; Schema: public; Owner: openbrew; Tablespace: 
--

ALTER TABLE ONLY fermenters
    ADD CONSTRAINT fermenters_pk PRIMARY KEY (id);


--
-- Name: readings_pk; Type: CONSTRAINT; Schema: public; Owner: openbrew; Tablespace: 
--

ALTER TABLE ONLY readings
    ADD CONSTRAINT readings_pk PRIMARY KEY (id);


--
-- Name: sensors_pk; Type: CONSTRAINT; Schema: public; Owner: openbrew; Tablespace: 
--

ALTER TABLE ONLY sensors
    ADD CONSTRAINT sensors_pk PRIMARY KEY (id);


--
-- Name: fermenter_fk; Type: FK CONSTRAINT; Schema: public; Owner: openbrew
--

ALTER TABLE ONLY sensors
    ADD CONSTRAINT fermenter_fk FOREIGN KEY (fermenterid) REFERENCES fermenters(id);


--
-- Name: sensor_fk; Type: FK CONSTRAINT; Schema: public; Owner: openbrew
--

ALTER TABLE ONLY readings
    ADD CONSTRAINT sensor_fk FOREIGN KEY (sensorid) REFERENCES sensors(id);


--
-- Name: public; Type: ACL; Schema: -; Owner: postgres
--

REVOKE ALL ON SCHEMA public FROM PUBLIC;
REVOKE ALL ON SCHEMA public FROM postgres;
GRANT ALL ON SCHEMA public TO postgres;
GRANT ALL ON SCHEMA public TO PUBLIC;


--
-- PostgreSQL database dump complete
--

