--
-- PostgreSQL database dump
--

SET statement_timeout = 0;
SET lock_timeout = 0;
SET client_encoding = 'UTF8';
SET standard_conforming_strings = on;
SET check_function_bodies = false;
SET client_min_messages = warning;

--
-- Name: plpgsql; Type: EXTENSION; Schema: -; Owner: 
--

CREATE EXTENSION IF NOT EXISTS plpgsql WITH SCHEMA pg_catalog;


--
-- Name: EXTENSION plpgsql; Type: COMMENT; Schema: -; Owner: 
--

COMMENT ON EXTENSION plpgsql IS 'PL/pgSQL procedural language';


SET search_path = public, pg_catalog;

SET default_tablespace = '';

SET default_with_oids = false;

--
-- Name: fermenters; Type: TABLE; Schema: public; Owner: openbrew; Tablespace: 
--

CREATE TABLE fermenters (
    id integer NOT NULL,
    name character varying
);


ALTER TABLE fermenters OWNER TO openbrew;

--
-- Name: fermenters_id_seq; Type: SEQUENCE; Schema: public; Owner: openbrew
--

CREATE SEQUENCE fermenters_id_seq
    START WITH 1
    INCREMENT BY 1
    NO MINVALUE
    NO MAXVALUE
    CACHE 1;


ALTER TABLE fermenters_id_seq OWNER TO openbrew;

--
-- Name: fermenters_id_seq; Type: SEQUENCE OWNED BY; Schema: public; Owner: openbrew
--

ALTER SEQUENCE fermenters_id_seq OWNED BY fermenters.id;


--
-- Name: readings; Type: TABLE; Schema: public; Owner: openbrew; Tablespace: 
--

CREATE TABLE readings (
    id bigint NOT NULL,
    value numeric,
    "time" integer,
    sensorid integer
);


ALTER TABLE readings OWNER TO openbrew;

--
-- Name: readings_id_seq; Type: SEQUENCE; Schema: public; Owner: openbrew
--

CREATE SEQUENCE readings_id_seq
    START WITH 1
    INCREMENT BY 1
    NO MINVALUE
    NO MAXVALUE
    CACHE 1;


ALTER TABLE readings_id_seq OWNER TO openbrew;

--
-- Name: readings_id_seq; Type: SEQUENCE OWNED BY; Schema: public; Owner: openbrew
--

ALTER SEQUENCE readings_id_seq OWNED BY readings.id;


--
-- Name: sensors; Type: TABLE; Schema: public; Owner: openbrew; Tablespace: 
--

CREATE TABLE sensors (
    id bigint NOT NULL,
    serial character varying(32),
    name character varying(64),
    fermenterid integer
);


ALTER TABLE sensors OWNER TO openbrew;

--
-- Name: sensors_id_seq; Type: SEQUENCE; Schema: public; Owner: openbrew
--

CREATE SEQUENCE sensors_id_seq
    START WITH 1
    INCREMENT BY 1
    NO MINVALUE
    NO MAXVALUE
    CACHE 1;


ALTER TABLE sensors_id_seq OWNER TO openbrew;

--
-- Name: sensors_id_seq; Type: SEQUENCE OWNED BY; Schema: public; Owner: openbrew
--

ALTER SEQUENCE sensors_id_seq OWNED BY sensors.id;


--
-- Name: id; Type: DEFAULT; Schema: public; Owner: openbrew
--

ALTER TABLE ONLY fermenters ALTER COLUMN id SET DEFAULT nextval('fermenters_id_seq'::regclass);


--
-- Name: id; Type: DEFAULT; Schema: public; Owner: openbrew
--

ALTER TABLE ONLY readings ALTER COLUMN id SET DEFAULT nextval('readings_id_seq'::regclass);


--
-- Name: id; Type: DEFAULT; Schema: public; Owner: openbrew
--

ALTER TABLE ONLY sensors ALTER COLUMN id SET DEFAULT nextval('sensors_id_seq'::regclass);


--
-- Data for Name: fermenters; Type: TABLE DATA; Schema: public; Owner: openbrew
--

COPY fermenters (id, name) FROM stdin;
7	Ambient
8	Fridge 1
9	Fridge 2
\.


--
-- Name: fermenters_id_seq; Type: SEQUENCE SET; Schema: public; Owner: openbrew
--

SELECT pg_catalog.setval('fermenters_id_seq', 9, true);


--
-- Data for Name: readings; Type: TABLE DATA; Schema: public; Owner: openbrew
--

COPY readings (id, value, "time", sensorid) FROM stdin;
8	20.687	1448279305	9
9	20.875	1448279306	8
10	20.875	1448279307	10
11	19.187	1448279307	6
12	26.437	1448279308	11
13	20.687	1448279309	7
14	20.687	1448279369	9
15	20.875	1448279369	8
16	20.875	1448279370	10
17	19.312	1448279372	6
18	26.437	1448279373	11
19	20.687	1448279374	7
20	20.687	1448279495	9
21	20.875	1448279495	8
22	20.500	1448279496	10
23	19.312	1448279497	6
24	26.437	1448279498	11
25	20.687	1448279499	7
26	20.625	1448279620	9
27	20.875	1448279621	8
28	20.500	1448279621	10
29	19.312	1448279622	6
30	26.687	1448279623	11
31	20.687	1448279624	7
32	20.625	1448279745	9
33	20.875	1448279746	8
34	20.500	1448279747	10
35	19.312	1448279748	6
36	26.625	1448279748	11
37	20.687	1448279749	7
38	20.625	1448279870	9
39	20.875	1448279871	8
40	20.500	1448279872	10
41	19.062	1448279873	6
42	26.625	1448279874	11
43	20.625	1448279874	7
44	20.625	1448279995	9
45	20.750	1448279996	8
46	20.437	1448279997	10
47	19.062	1448279998	6
48	26.375	1448280000	11
49	20.625	1448280000	7
50	20.625	1448280121	9
51	20.812	1448280122	8
52	20.500	1448280123	10
53	19.062	1448280124	6
54	26.375	1448280125	11
55	20.625	1448280126	7
56	20.562	1448280247	9
57	20.812	1448280247	8
58	20.500	1448280248	10
59	19.062	1448280249	6
60	26.187	1448280250	11
61	20.625	1448280251	7
62	20.562	1448280372	9
63	20.812	1448280373	8
64	20.437	1448280374	10
65	19.125	1448280374	6
66	26.375	1448280375	11
67	20.562	1448280376	7
68	20.562	1448280497	9
69	20.750	1448280498	8
70	20.437	1448280499	10
71	19.187	1448280500	6
72	26.375	1448280500	11
73	20.625	1448280502	7
74	20.562	1448280623	9
75	20.812	1448280624	8
76	20.375	1448280625	10
77	19.125	1448280626	6
78	26.187	1448280626	11
79	20.562	1448280627	7
80	20.500	1448280748	9
81	20.812	1448280749	8
82	20.375	1448280750	10
83	19.062	1448280751	6
84	26.187	1448280752	11
85	20.562	1448280752	7
86	20.500	1448280873	9
87	20.812	1448280874	8
88	20.375	1448280875	10
89	19.125	1448280877	6
90	26.250	1448280878	11
91	20.562	1448280879	7
92	20.500	1448280999	9
93	20.812	1448281000	8
94	20.375	1448281001	10
95	19.062	1448281002	6
96	26.500	1448281003	11
97	20.500	1448281004	7
98	20.500	1448281125	9
99	20.750	1448281125	8
100	20.375	1448281126	10
101	19.062	1448281127	6
102	26.250	1448281128	11
103	20.500	1448281129	7
104	20.500	1448281250	9
105	20.750	1448281251	8
106	20.375	1448281251	10
107	19.062	1448281252	6
108	26.375	1448281253	11
109	20.500	1448281254	7
110	20.437	1448281375	9
111	20.750	1448281376	8
112	20.312	1448281377	10
113	19.000	1448281378	6
114	26.500	1448281378	11
115	20.562	1448281379	7
116	20.437	1448281500	9
117	20.750	1448281501	8
118	20.312	1448281502	10
119	19.000	1448281503	6
120	26.312	1448281504	11
121	20.500	1448281505	7
122	20.437	1448281626	9
123	20.750	1448281627	8
124	20.312	1448281628	10
125	19.062	1448281629	6
126	26.250	1448281630	11
127	20.500	1448281630	7
128	20.437	1448281751	9
129	20.750	1448281752	8
130	20.250	1448281753	10
131	19.000	1448281754	6
132	26.187	1448281755	11
133	20.500	1448281756	7
134	20.437	1448281876	9
135	20.687	1448281877	8
136	20.312	1448281878	10
137	19.000	1448281879	6
138	26.500	1448281880	11
139	20.437	1448281881	7
140	20.437	1448282002	9
141	20.625	1448282003	8
142	20.312	1448282004	10
143	19.000	1448282005	6
144	26.375	1448282006	11
145	20.437	1448282007	7
146	20.437	1448282128	9
147	20.687	1448282128	8
148	20.250	1448282129	10
149	19.000	1448282130	6
150	26.437	1448282131	11
151	20.437	1448282132	7
152	20.375	1448282253	9
153	20.625	1448282254	8
154	20.250	1448282254	10
155	19.000	1448282255	6
156	26.312	1448282256	11
157	20.437	1448282257	7
158	20.375	1448282378	9
159	20.625	1448282379	8
160	20.187	1448282380	10
161	19.000	1448282380	6
162	26.062	1448282381	11
163	20.375	1448282382	7
164	20.375	1448282503	9
165	20.625	1448282504	8
166	20.187	1448282505	10
167	18.875	1448282506	6
168	26.062	1448282506	11
169	20.375	1448282507	7
170	20.375	1448282628	9
171	20.625	1448282629	8
172	20.187	1448282630	10
173	18.937	1448282631	6
174	26.062	1448282632	11
175	20.375	1448282632	7
176	20.312	1448282753	9
177	20.625	1448282755	8
178	20.187	1448282756	10
179	19.000	1448282757	6
180	25.875	1448282758	11
181	20.375	1448282758	7
182	20.312	1448282879	9
183	20.625	1448282880	8
184	20.187	1448282881	10
185	19.000	1448282882	6
186	26.437	1448282883	11
187	20.375	1448282884	7
188	20.312	1448283005	9
189	20.625	1448283005	8
190	20.125	1448283006	10
191	19.000	1448283007	6
192	26.500	1448283008	11
193	20.312	1448283009	7
194	20.312	1448283130	9
195	20.625	1448283131	8
196	20.125	1448283131	10
197	18.875	1448283132	6
198	26.062	1448283133	11
199	20.375	1448283136	7
200	20.312	1448283256	9
201	20.562	1448283257	8
202	20.125	1448283258	10
203	18.875	1448283259	6
204	26.125	1448283260	11
205	20.375	1448283261	7
206	20.312	1448283382	9
207	20.562	1448283383	8
208	20.125	1448283383	10
209	19.062	1448283384	6
210	26.437	1448283385	11
211	20.375	1448283386	7
212	20.250	1448283507	9
213	20.625	1448283508	8
214	20.125	1448283509	10
215	19.062	1448283509	6
216	26.437	1448283510	11
217	20.312	1448283511	7
218	20.250	1448283632	9
219	20.625	1448283633	8
220	20.125	1448283634	10
221	19.125	1448283635	6
222	26.125	1448283636	11
223	20.312	1448283637	7
224	20.250	1448283758	9
225	20.625	1448283759	8
226	20.125	1448283760	10
227	18.937	1448283760	6
228	26.312	1448283761	11
229	20.250	1448283762	7
230	20.250	1448283883	9
231	20.625	1448283884	8
232	20.125	1448283885	10
233	19.125	1448283886	6
234	26.437	1448283887	11
235	20.250	1448283887	7
236	20.250	1448284008	9
237	20.625	1448284009	8
238	20.062	1448284010	10
239	19.062	1448284011	6
240	26.437	1448284012	11
241	20.312	1448284013	7
242	20.250	1448284134	9
243	20.625	1448284134	8
244	20.062	1448284135	10
245	19.062	1448284136	6
246	26.437	1448284137	11
247	20.250	1448284138	7
248	20.187	1448284259	9
249	20.625	1448284259	8
250	20.062	1448284260	10
251	19.125	1448284261	6
252	26.250	1448284262	11
253	20.250	1448284263	7
254	20.187	1448284384	9
255	20.625	1448284385	8
256	20.062	1448284385	10
257	19.000	1448284386	6
258	26.125	1448284387	11
259	20.250	1448284388	7
260	20.187	1448284509	9
261	20.625	1448284510	8
262	20.062	1448284511	10
263	19.000	1448284512	6
264	26.062	1448284512	11
265	20.187	1448284513	7
266	20.187	1448284634	9
267	20.562	1448284635	8
268	20.062	1448284636	10
269	19.062	1448284637	6
270	26.312	1448284638	11
271	20.187	1448284638	7
272	20.125	1448284759	9
273	20.562	1448284760	8
274	20.062	1448284761	10
275	19.062	1448284762	6
276	26.562	1448284763	11
277	20.250	1448284764	7
278	20.187	1448284885	9
279	20.562	1448284885	8
280	20.062	1448284886	10
281	19.000	1448284887	6
282	26.250	1448284888	11
283	20.187	1448284889	7
284	20.125	1448285010	9
285	20.562	1448285010	8
286	20.000	1448285011	10
287	19.000	1448285012	6
288	26.625	1448285013	11
289	20.187	1448285014	7
290	20.125	1448285135	9
291	20.500	1448285136	8
292	20.000	1448285137	10
293	18.875	1448285138	6
294	26.312	1448285139	11
295	20.187	1448285140	7
296	20.125	1448285261	9
297	20.500	1448285262	8
298	19.937	1448285262	10
299	18.812	1448285264	6
300	26.312	1448285265	11
301	20.187	1448285266	7
302	20.125	1448285387	9
303	20.500	1448285388	8
304	19.937	1448285388	10
305	18.750	1448285389	6
306	25.937	1448285390	11
307	20.187	1448285391	7
308	20.125	1448285512	9
309	20.500	1448285514	8
310	19.937	1448285514	10
311	18.750	1448285515	6
312	26.125	1448285516	11
313	20.187	1448285517	7
314	20.062	1448285638	9
315	20.500	1448285639	8
316	19.937	1448285640	10
317	19.000	1448285641	6
318	26.250	1448285641	11
319	20.187	1448285642	7
320	20.062	1448285763	9
321	20.500	1448285764	8
322	19.937	1448285765	10
323	19.000	1448285766	6
324	26.250	1448285767	11
325	20.125	1448285767	7
326	20.062	1448285888	9
327	20.500	1448285889	8
328	19.937	1448285890	10
329	18.812	1448285891	6
330	26.562	1448285892	11
331	20.125	1448285893	7
332	20.062	1448286014	9
333	20.500	1448286014	8
334	19.875	1448286015	10
335	18.812	1448286016	6
336	26.687	1448286017	11
337	20.125	1448286018	7
338	20.062	1448286139	9
339	20.500	1448286140	8
340	19.937	1448286141	10
341	18.937	1448286142	6
342	26.437	1448286143	11
343	20.125	1448286145	7
344	20.062	1448286266	9
345	20.437	1448286267	8
346	19.875	1448286268	10
347	19.000	1448286269	6
348	26.687	1448286271	11
349	20.125	1448286272	7
350	20.000	1448286393	9
351	20.437	1448286394	8
352	19.875	1448286395	10
353	18.875	1448286396	6
354	26.437	1448286397	11
355	20.125	1448286397	7
356	20.000	1448286518	9
357	20.437	1448286519	8
358	19.875	1448286520	10
359	18.937	1448286522	6
360	26.437	1448286523	11
361	20.125	1448286524	7
362	20.000	1448286644	9
363	20.437	1448286645	8
364	19.875	1448286646	10
365	18.875	1448286647	6
366	26.250	1448286648	11
367	20.062	1448286649	7
368	20.000	1448286770	9
369	20.437	1448286771	8
370	19.875	1448286772	10
371	18.937	1448286773	6
372	26.812	1448286774	11
373	20.062	1448286775	7
374	20.000	1448286896	9
375	20.437	1448286897	8
376	19.875	1448286897	10
377	18.937	1448286898	6
378	26.562	1448286899	11
379	20.062	1448286900	7
380	20.000	1448287022	9
381	20.437	1448287023	8
382	19.875	1448287023	10
383	18.937	1448287024	6
384	26.750	1448287025	11
385	20.000	1448287026	7
386	20.000	1448287147	9
387	20.375	1448287148	8
388	19.812	1448287149	10
389	18.750	1448287149	6
390	26.187	1448287150	11
391	20.000	1448287151	7
392	20.000	1448287272	9
393	20.375	1448287273	8
394	19.812	1448287274	10
395	18.875	1448287275	6
396	26.437	1448287275	11
397	20.000	1448287276	7
398	19.937	1448287397	9
399	20.375	1448287398	8
400	19.812	1448287399	10
401	18.875	1448287400	6
402	26.250	1448287400	11
403	20.000	1448287401	7
404	19.937	1448287522	9
405	20.375	1448287523	8
406	19.812	1448287524	10
407	18.875	1448287525	6
408	26.250	1448287526	11
409	20.000	1448287527	7
410	19.937	1448287647	9
411	20.312	1448287648	8
412	19.750	1448287649	10
413	18.812	1448287650	6
414	26.187	1448287651	11
415	20.000	1448287652	7
416	19.937	1448287773	9
417	20.312	1448287773	8
418	19.750	1448287774	10
419	18.812	1448287775	6
420	26.250	1448287776	11
421	20.000	1448287777	7
422	19.937	1448287898	9
423	20.312	1448287899	8
424	19.750	1448287899	10
425	18.750	1448287900	6
426	26.500	1448287901	11
427	20.000	1448287902	7
428	19.937	1448288023	9
429	20.312	1448288024	8
430	19.750	1448288025	10
431	18.750	1448288025	6
432	26.500	1448288026	11
433	20.000	1448288027	7
434	19.937	1448288148	9
435	20.312	1448288149	8
436	19.750	1448288150	10
437	18.625	1448288151	6
438	26.500	1448288152	11
439	19.937	1448288152	7
440	19.937	1448288273	9
441	20.312	1448288274	8
442	19.750	1448288275	10
443	18.625	1448288276	6
444	26.125	1448288277	11
445	19.937	1448288277	7
446	19.875	1448288398	9
447	20.312	1448288399	8
448	19.750	1448288400	10
449	18.687	1448288401	6
450	26.125	1448288403	11
451	19.937	1448288404	7
452	19.875	1448288524	9
453	20.312	1448288525	8
454	19.750	1448288526	10
455	18.687	1448288527	6
456	26.312	1448288528	11
457	19.937	1448288529	7
458	19.875	1448288652	9
459	20.312	1448288653	8
460	19.687	1448288654	10
461	18.750	1448288655	6
462	26.250	1448288655	11
463	19.937	1448288656	7
464	19.875	1448288777	9
465	20.250	1448288778	8
466	19.687	1448288779	10
467	18.750	1448288780	6
468	26.500	1448288781	11
469	19.937	1448288782	7
470	19.875	1448288902	9
471	20.250	1448288903	8
472	19.687	1448288904	10
473	18.687	1448288905	6
474	26.500	1448288906	11
475	19.937	1448288907	7
476	19.812	1448289028	9
477	20.250	1448289028	8
478	19.687	1448289029	10
479	18.625	1448289030	6
480	26.250	1448289031	11
481	19.937	1448289032	7
482	19.812	1448289153	9
483	20.250	1448289154	8
484	19.687	1448289154	10
485	18.750	1448289155	6
486	26.250	1448289156	11
487	19.937	1448289157	7
488	19.812	1448289278	9
489	20.250	1448289279	8
490	19.687	1448289280	10
491	18.687	1448289280	6
492	26.125	1448289281	11
493	19.937	1448289282	7
494	19.812	1448289403	9
495	20.187	1448289404	8
496	19.625	1448289405	10
497	18.687	1448289406	6
498	26.312	1448289406	11
499	19.937	1448289407	7
500	19.812	1448289528	9
501	20.187	1448289529	8
502	19.687	1448289530	10
503	18.625	1448289531	6
504	26.000	1448289531	11
505	19.937	1448289532	7
506	19.812	1448289653	9
507	20.187	1448289654	8
508	19.625	1448289655	10
509	18.625	1448289656	6
510	25.937	1448289657	11
511	19.875	1448289658	7
512	19.812	1448289779	9
513	20.187	1448289780	8
514	19.625	1448289781	10
515	18.625	1448289782	6
516	26.062	1448289783	11
517	19.875	1448289784	7
518	19.750	1448289905	9
519	20.187	1448289905	8
520	19.625	1448289906	10
521	18.625	1448289908	6
522	26.000	1448289909	11
523	19.875	1448289910	7
524	19.750	1448290031	9
525	20.125	1448290031	8
526	19.625	1448290032	10
527	18.437	1448290033	6
528	26.000	1448290034	11
529	19.875	1448290035	7
530	19.750	1448290156	9
531	20.125	1448290157	8
532	19.625	1448290157	10
533	18.437	1448290158	6
534	25.812	1448290159	11
535	19.875	1448290160	7
536	19.750	1448290281	9
537	20.125	1448290282	8
538	19.625	1448290283	10
539	18.437	1448290283	6
540	25.562	1448290284	11
541	19.812	1448290285	7
542	19.750	1448290406	9
543	20.125	1448290407	8
544	19.625	1448290408	10
545	18.437	1448290409	6
546	25.937	1448290409	11
547	19.812	1448290410	7
548	19.750	1448290532	9
549	20.125	1448290533	8
550	19.562	1448290534	10
551	18.437	1448290535	6
552	25.937	1448290536	11
553	19.812	1448290537	7
554	19.750	1448290658	9
555	20.125	1448290659	8
556	19.562	1448290660	10
557	18.375	1448290661	6
558	25.875	1448290661	11
559	19.812	1448290662	7
560	19.750	1448290783	9
561	20.062	1448290784	8
562	19.562	1448290785	10
563	18.500	1448290786	6
564	26.062	1448290787	11
565	19.812	1448290787	7
566	19.750	1448290908	9
567	20.062	1448290909	8
568	19.562	1448290910	10
569	18.500	1448290911	6
570	26.000	1448290912	11
571	19.812	1448290913	7
572	19.750	1448291034	9
573	20.125	1448291034	8
574	19.562	1448291035	10
575	18.437	1448291036	6
576	25.937	1448291037	11
577	19.812	1448291038	7
578	19.750	1448291159	9
579	20.125	1448291160	8
580	19.562	1448291161	10
581	18.437	1448291161	6
582	25.375	1448291162	11
583	19.812	1448291163	7
584	19.750	1448291284	9
585	20.062	1448291285	8
586	19.562	1448291286	10
587	18.375	1448291288	6
588	25.687	1448291289	11
589	19.812	1448291291	7
590	19.750	1448291412	9
591	20.062	1448291413	8
592	19.562	1448291413	10
593	18.375	1448291414	6
594	25.500	1448291415	11
595	19.812	1448291416	7
596	19.750	1448291537	9
597	20.062	1448291538	8
598	19.562	1448291539	10
599	18.375	1448291539	6
600	25.750	1448291541	11
601	19.750	1448291542	7
602	19.687	1448291663	9
603	20.000	1448291664	8
604	19.500	1448291665	10
605	18.375	1448291666	6
606	25.625	1448291667	11
607	19.750	1448291668	7
608	19.687	1448291789	9
609	20.000	1448291790	8
610	19.500	1448291791	10
611	18.375	1448291791	6
612	25.500	1448291792	11
613	19.750	1448291793	7
614	19.687	1448291914	9
615	20.000	1448291915	8
616	19.500	1448291916	10
617	18.312	1448291917	6
618	25.500	1448291917	11
619	19.750	1448291918	7
620	19.687	1448292039	9
621	20.000	1448292040	8
622	19.500	1448292041	10
623	18.312	1448292042	6
624	25.937	1448292043	11
625	19.687	1448292043	7
626	19.625	1448292164	9
627	20.000	1448292165	8
628	19.500	1448292166	10
629	18.312	1448292167	6
630	25.750	1448292168	11
631	19.687	1448292169	7
632	19.625	1448292290	9
633	20.000	1448292290	8
634	19.500	1448292292	10
635	18.375	1448292293	6
636	25.875	1448292294	11
637	19.687	1448292295	7
638	19.625	1448292416	9
639	20.000	1448292416	8
640	19.437	1448292417	10
641	18.187	1448292418	6
642	25.625	1448292419	11
643	19.687	1448292420	7
644	19.625	1448292541	9
645	20.000	1448292542	8
646	19.500	1448292543	10
647	18.312	1448292544	6
648	25.500	1448292545	11
649	19.687	1448292546	7
650	19.625	1448292667	9
651	20.000	1448292668	8
652	19.500	1448292668	10
653	18.250	1448292669	6
654	25.437	1448292670	11
655	19.687	1448292671	7
656	19.625	1448292792	9
657	19.937	1448292793	8
658	19.500	1448292794	10
659	18.250	1448292794	6
660	25.437	1448292796	11
661	19.687	1448292797	7
662	19.625	1448292918	9
663	19.937	1448292919	8
664	19.437	1448292920	10
665	18.250	1448292920	6
666	25.500	1448292921	11
667	19.687	1448292923	7
668	19.625	1448293044	9
669	19.937	1448293045	8
670	19.437	1448293046	10
671	18.187	1448293047	6
672	25.312	1448293047	11
673	19.687	1448293048	7
674	19.625	1448293169	9
675	19.937	1448293170	8
676	19.437	1448293171	10
677	18.250	1448293172	6
678	25.312	1448293173	11
679	19.687	1448293173	7
680	19.625	1448293294	9
681	19.875	1448293295	8
682	19.437	1448293296	10
683	18.187	1448293297	6
684	25.500	1448293298	11
685	19.687	1448293299	7
686	19.625	1448293420	9
687	19.875	1448293420	8
688	19.437	1448293421	10
689	18.187	1448293422	6
690	25.500	1448293423	11
691	19.625	1448293424	7
692	19.562	1448293545	9
693	19.875	1448293546	8
694	19.437	1448293547	10
695	18.062	1448293548	6
696	25.125	1448293549	11
697	19.625	1448293550	7
698	19.562	1448293671	9
699	19.875	1448293672	8
700	19.375	1448293672	10
701	18.125	1448293673	6
702	25.500	1448293674	11
703	19.625	1448293675	7
704	19.562	1448293796	9
705	19.937	1448293797	8
706	19.437	1448293798	10
707	18.312	1448293798	6
708	25.812	1448293799	11
709	19.625	1448293800	7
710	19.562	1448293921	9
711	19.937	1448293922	8
712	19.375	1448293923	10
713	18.375	1448293923	6
714	25.562	1448293924	11
715	19.625	1448293925	7
716	19.500	1448294046	9
717	19.937	1448294047	8
718	19.375	1448294048	10
719	18.250	1448294049	6
720	25.562	1448294049	11
721	19.562	1448294050	7
722	19.500	1448294171	9
723	19.812	1448294172	8
724	19.375	1448294173	10
725	18.250	1448294174	6
726	25.375	1448294175	11
727	19.562	1448294176	7
728	19.437	1448294296	9
729	19.812	1448294297	8
730	19.312	1448294298	10
731	18.250	1448294299	6
732	25.375	1448294300	11
733	19.562	1448294301	7
734	19.437	1448294422	9
735	19.875	1448294422	8
736	19.312	1448294423	10
737	18.187	1448294424	6
738	25.375	1448294425	11
739	19.562	1448294427	7
740	19.437	1448294547	9
741	19.875	1448294548	8
742	19.312	1448294549	10
743	18.062	1448294550	6
744	25.125	1448294551	11
745	19.500	1448294552	7
746	19.437	1448294673	9
747	19.875	1448294673	8
748	19.312	1448294674	10
749	18.062	1448294675	6
750	25.187	1448294676	11
751	19.500	1448294677	7
752	19.437	1448294798	9
753	19.875	1448294799	8
754	19.312	1448294800	10
755	17.937	1448294800	6
756	25.062	1448294801	11
757	19.500	1448294802	7
758	19.437	1448294923	9
759	19.812	1448294924	8
760	19.312	1448294925	10
761	18.062	1448294926	6
762	25.312	1448294926	11
763	19.562	1448294928	7
764	19.437	1448295049	9
765	19.750	1448295050	8
766	19.312	1448295051	10
767	18.062	1448295052	6
768	25.187	1448295053	11
769	19.500	1448295054	7
770	19.437	1448295175	9
771	19.750	1448295176	8
772	19.250	1448295177	10
773	18.000	1448295178	6
774	25.187	1448295178	11
775	19.500	1448295179	7
776	19.437	1448295300	9
777	19.750	1448295301	8
778	19.250	1448295302	10
779	18.000	1448295303	6
780	25.125	1448295304	11
781	19.500	1448295305	7
782	19.437	1448295426	9
783	19.750	1448295427	8
784	19.250	1448295428	10
785	18.000	1448295429	6
786	25.000	1448295430	11
787	19.500	1448295430	7
788	19.437	1448295551	9
789	19.750	1448295552	8
790	19.312	1448295553	10
791	18.000	1448295554	6
792	25.187	1448295555	11
793	19.500	1448295556	7
794	19.437	1448295676	9
795	19.812	1448295677	8
796	19.250	1448295678	10
797	18.000	1448295679	6
798	25.250	1448295680	11
799	19.500	1448295681	7
800	19.437	1448295802	9
801	19.812	1448295803	8
802	19.250	1448295803	10
803	18.062	1448295804	6
804	25.250	1448295805	11
805	19.500	1448295806	7
806	19.375	1448295927	9
807	19.812	1448295928	8
808	19.250	1448295929	10
809	18.062	1448295929	6
810	25.250	1448295930	11
811	19.500	1448295931	7
812	19.437	1448296052	9
813	19.750	1448296053	8
814	19.250	1448296054	10
815	17.937	1448296055	6
816	25.187	1448296055	11
817	19.500	1448296056	7
818	19.437	1448296177	9
819	19.750	1448296178	8
820	19.250	1448296179	10
821	17.937	1448296180	6
822	24.875	1448296181	11
823	19.500	1448296181	7
824	19.437	1448296302	9
825	19.687	1448296304	8
826	19.250	1448296305	10
827	17.937	1448296306	6
828	24.875	1448296307	11
829	19.437	1448296307	7
830	19.437	1448296429	9
831	19.687	1448296430	8
832	19.250	1448296431	10
833	17.937	1448296432	6
834	25.250	1448296433	11
835	19.437	1448296434	7
836	19.375	1448296555	9
837	19.687	1448296556	8
838	19.187	1448296557	10
839	17.875	1448296558	6
840	25.250	1448296559	11
841	19.437	1448296559	7
842	19.375	1448296680	9
843	19.687	1448296681	8
844	19.250	1448296682	10
845	17.875	1448296683	6
846	25.250	1448296684	11
847	19.437	1448296685	7
848	19.437	1448296806	9
849	19.687	1448296807	8
850	19.187	1448296808	10
851	18.000	1448296810	6
852	25.500	1448296811	11
853	19.437	1448296811	7
854	19.375	1448296932	9
855	19.687	1448296933	8
856	19.187	1448296934	10
857	17.875	1448296935	6
858	25.500	1448296936	11
859	19.437	1448296937	7
860	19.375	1448297058	9
861	19.750	1448297058	8
862	19.187	1448297059	10
863	18.062	1448297060	6
864	25.250	1448297061	11
865	19.437	1448297062	7
866	19.375	1448297183	9
867	19.687	1448297184	8
868	19.187	1448297184	10
869	18.062	1448297185	6
870	25.250	1448297186	11
871	19.375	1448297187	7
872	19.375	1448297308	9
873	19.625	1448297309	8
874	19.187	1448297310	10
875	17.875	1448297311	6
876	25.187	1448297311	11
877	19.375	1448297312	7
878	19.312	1448297433	9
879	19.625	1448297434	8
880	19.125	1448297435	10
881	18.000	1448297436	6
882	25.000	1448297436	11
883	19.375	1448297437	7
884	19.312	1448297558	9
885	19.625	1448297559	8
886	19.187	1448297560	10
887	17.750	1448297561	6
888	24.812	1448297562	11
889	19.375	1448297563	7
890	19.312	1448297683	9
891	19.625	1448297684	8
892	19.187	1448297685	10
893	17.750	1448297686	6
894	25.062	1448297688	11
895	19.375	1448297689	7
896	19.312	1448297810	9
897	19.625	1448297810	8
898	19.125	1448297811	10
899	17.937	1448297812	6
900	25.125	1448297813	11
901	19.375	1448297815	7
902	19.312	1448297935	9
903	19.625	1448297936	8
904	19.125	1448297937	10
905	17.875	1448297938	6
906	25.000	1448297939	11
907	19.375	1448297940	7
908	19.312	1448298061	9
909	19.625	1448298061	8
910	19.125	1448298063	10
911	18.000	1448298064	6
912	25.062	1448298065	11
913	19.375	1448298067	7
914	19.250	1448298187	9
915	19.625	1448298188	8
916	19.125	1448298189	10
917	17.812	1448298190	6
918	24.937	1448298191	11
919	19.375	1448298192	7
920	19.312	1448298313	9
921	19.625	1448298313	8
922	19.125	1448298314	10
923	17.875	1448298315	6
924	24.937	1448298316	11
925	19.312	1448298317	7
926	19.250	1448298439	9
927	19.562	1448298439	8
928	19.125	1448298440	10
929	17.750	1448298441	6
930	24.687	1448298442	11
931	19.312	1448298443	7
932	19.312	1448298564	9
933	19.625	1448298565	8
934	19.125	1448298566	10
935	17.750	1448298566	6
936	25.125	1448298567	11
937	19.312	1448298568	7
938	19.250	1448298689	9
939	19.562	1448298690	8
940	19.062	1448298691	10
941	17.812	1448298691	6
942	24.812	1448298692	11
943	19.312	1448298693	7
944	19.312	1448298814	9
945	19.562	1448298816	8
946	19.062	1448298817	10
947	17.812	1448298817	6
948	25.062	1448298818	11
949	19.312	1448298819	7
950	19.312	1448298940	9
951	19.562	1448298941	8
952	19.062	1448298942	10
953	17.812	1448298943	6
954	25.250	1448298944	11
955	19.312	1448298944	7
956	19.250	1448299065	9
957	19.562	1448299066	8
958	19.062	1448299067	10
959	17.875	1448299068	6
960	25.312	1448299069	11
961	19.312	1448299070	7
962	19.250	1448299191	9
963	19.562	1448299192	8
964	19.062	1448299193	10
965	18.062	1448299194	6
966	25.312	1448299195	11
967	19.250	1448299196	7
968	19.187	1448299317	9
969	19.562	1448299318	8
970	19.062	1448299319	10
971	17.875	1448299320	6
972	25.312	1448299321	11
973	19.250	1448299322	7
974	19.187	1448299442	9
975	19.500	1448299443	8
976	19.062	1448299444	10
977	17.875	1448299445	6
978	25.312	1448299446	11
979	19.250	1448299447	7
980	19.187	1448299568	9
981	19.500	1448299568	8
982	19.000	1448299569	10
983	17.875	1448299570	6
984	25.312	1448299571	11
985	19.250	1448299572	7
986	19.187	1448299693	9
987	19.500	1448299694	8
988	19.000	1448299694	10
989	17.750	1448299695	6
990	24.875	1448299696	11
991	19.250	1448299697	7
992	19.187	1448299818	9
993	19.500	1448299819	8
994	19.000	1448299820	10
995	17.687	1448299820	6
996	24.750	1448299821	11
997	19.250	1448299822	7
998	19.187	1448299943	9
999	19.562	1448299944	8
1000	19.000	1448299945	10
1001	17.687	1448299946	6
1002	24.750	1448299947	11
1003	19.250	1448299947	7
1004	19.187	1448300068	9
1005	19.562	1448300069	8
1006	19.000	1448300070	10
1007	17.812	1448300071	6
1008	24.937	1448300072	11
1009	19.250	1448300073	7
1010	19.187	1448300194	9
1011	19.500	1448300194	8
1012	19.000	1448300196	10
1013	17.750	1448300197	6
1014	24.687	1448300198	11
1015	19.250	1448300199	7
1016	19.187	1448300320	9
1017	19.437	1448300320	8
1018	19.000	1448300321	10
1019	17.812	1448300322	6
1020	24.937	1448300323	11
1021	19.187	1448300324	7
1022	19.125	1448300445	9
1023	19.500	1448300446	8
1024	19.000	1448300446	10
1025	17.625	1448300447	6
1026	24.812	1448300448	11
1027	19.187	1448300449	7
1028	19.125	1448300570	9
1029	19.437	1448300571	8
1030	19.000	1448300572	10
1031	17.625	1448300572	6
1032	24.937	1448300573	11
1033	19.187	1448300574	7
1034	19.125	1448300695	9
1035	19.375	1448300696	8
1036	18.937	1448300697	10
1037	17.750	1448300698	6
1038	24.875	1448300698	11
1039	19.187	1448300699	7
1040	19.125	1448300820	9
1041	19.375	1448300821	8
1042	18.937	1448300822	10
1043	17.750	1448300823	6
1044	25.000	1448300824	11
1045	19.187	1448300824	7
1046	19.125	1448300945	9
1047	19.375	1448300946	8
1048	18.937	1448300947	10
1049	17.687	1448300948	6
1050	24.937	1448300949	11
1051	19.125	1448300950	7
1052	19.062	1448301071	9
1053	19.375	1448301071	8
1054	18.937	1448301072	10
1055	17.687	1448301073	6
1056	24.937	1448301074	11
1057	19.125	1448301075	7
1058	19.000	1448301196	9
1059	19.187	1448301197	8
1060	18.937	1448301197	10
1061	18.000	1448301198	6
1062	25.562	1448301199	11
1063	19.062	1448301200	7
1064	19.000	1448301321	9
1065	19.187	1448301322	8
1066	18.875	1448301323	10
1067	17.750	1448301323	6
1068	25.250	1448301324	11
1069	19.062	1448301325	7
1070	19.000	1448301446	9
1071	19.187	1448301447	8
1072	18.812	1448301448	10
1073	17.687	1448301449	6
1074	25.062	1448301449	11
1075	19.000	1448301450	7
1076	19.000	1448301571	9
1077	19.312	1448301572	8
1078	18.812	1448301573	10
1079	17.687	1448301574	6
1080	24.750	1448301575	11
1081	19.062	1448301575	7
1082	19.000	1448301696	9
1083	19.312	1448301697	8
1084	18.875	1448301698	10
1085	17.625	1448301699	6
1086	24.750	1448301700	11
1087	19.062	1448301701	7
1088	19.000	1448301821	9
1089	19.375	1448301822	8
1090	18.812	1448301823	10
1091	17.625	1448301825	6
1092	24.875	1448301826	11
1093	19.062	1448301827	7
1094	19.000	1448301948	9
1095	19.375	1448301948	8
1096	18.812	1448301949	10
1097	17.562	1448301950	6
1098	24.812	1448301951	11
1099	19.062	1448301952	7
1100	19.000	1448302073	9
1101	19.375	1448302074	8
1102	18.812	1448302075	10
1103	17.562	1448302076	6
1104	24.812	1448302077	11
1105	19.062	1448302078	7
1106	19.000	1448302199	9
1107	19.375	1448302200	8
1108	18.812	1448302200	10
1109	17.687	1448302201	6
1110	24.375	1448302202	11
1111	19.062	1448302203	7
1112	19.000	1448302324	9
1113	19.375	1448302325	8
1114	18.812	1448302326	10
1115	17.562	1448302326	6
1116	24.437	1448302327	11
1117	19.062	1448302328	7
1118	19.000	1448302450	9
1119	19.375	1448302451	8
1120	18.812	1448302452	10
1121	17.562	1448302452	6
1122	24.562	1448302453	11
1123	19.062	1448302454	7
1124	19.000	1448302575	9
1125	19.375	1448302576	8
1126	18.812	1448302577	10
1127	17.625	1448302578	6
1128	24.687	1448302578	11
1129	19.062	1448302579	7
1130	19.000	1448302700	9
1131	19.375	1448302701	8
1132	18.812	1448302702	10
1133	17.625	1448302703	6
1134	24.750	1448302704	11
1135	19.062	1448302704	7
1136	19.000	1448302825	9
1137	19.375	1448302826	8
1138	18.812	1448302827	10
1139	17.500	1448302828	6
1140	24.750	1448302829	11
1141	19.062	1448302830	7
1142	19.000	1448302951	9
1143	19.312	1448302952	8
1144	18.812	1448302953	10
1145	17.500	1448302954	6
1146	24.750	1448302955	11
1147	19.000	1448302956	7
1148	19.000	1448303077	9
1149	19.312	1448303077	8
1150	18.812	1448303078	10
1151	17.500	1448303079	6
1152	24.562	1448303080	11
1153	19.062	1448303081	7
1154	19.000	1448303202	9
1155	19.312	1448303203	8
1156	18.812	1448303203	10
1157	17.562	1448303204	6
1158	24.562	1448303205	11
1159	19.000	1448303206	7
1160	18.937	1448303327	9
1161	19.312	1448303328	8
1162	18.750	1448303329	10
1163	17.625	1448303329	6
1164	25.000	1448303330	11
1165	19.000	1448303331	7
1166	18.937	1448303452	9
1167	19.250	1448303453	8
1168	18.750	1448303454	10
1169	17.625	1448303455	6
1170	24.812	1448303455	11
1171	19.000	1448303456	7
1172	18.937	1448303577	9
1173	19.187	1448303578	8
1174	18.750	1448303579	10
1175	17.625	1448303580	6
1176	24.875	1448303581	11
1177	19.000	1448303582	7
1178	18.937	1448303702	9
1179	19.250	1448303703	8
1180	18.750	1448303704	10
1181	17.625	1448303705	6
1182	24.937	1448303706	11
1183	19.000	1448303707	7
1184	18.937	1448303828	9
1185	19.187	1448303829	8
1186	18.750	1448303830	10
1187	17.625	1448303831	6
1188	24.687	1448303832	11
1189	18.937	1448303833	7
1190	18.937	1448303954	9
1191	19.187	1448303955	8
1192	18.750	1448303956	10
1193	17.625	1448303957	6
1194	24.500	1448303958	11
1195	18.937	1448303959	7
1196	18.937	1448304080	9
1197	19.187	1448304080	8
1198	18.750	1448304081	10
1199	17.562	1448304083	6
1200	24.500	1448304084	11
1201	18.937	1448304085	7
1202	18.937	1448304206	9
1203	19.187	1448304206	8
1204	18.750	1448304207	10
1205	17.500	1448304208	6
1206	24.500	1448304209	11
1207	18.937	1448304211	7
1208	18.937	1448304332	9
1209	19.187	1448304333	8
1210	18.687	1448304333	10
1211	17.500	1448304334	6
1212	24.812	1448304335	11
1213	18.937	1448304336	7
1214	18.937	1448304457	9
1215	19.250	1448304458	8
1216	18.750	1448304458	10
1217	17.500	1448304459	6
1218	24.437	1448304460	11
1219	18.937	1448304461	7
1220	18.937	1448304583	9
1221	19.187	1448304584	8
1222	18.750	1448304584	10
1223	17.437	1448304585	6
1224	24.437	1448304586	11
1225	18.937	1448304587	7
1226	18.937	1448304708	9
1227	19.187	1448304709	8
1228	18.750	1448304710	10
1229	17.437	1448304710	6
1230	24.500	1448304711	11
1231	18.937	1448304712	7
1232	18.937	1448304833	9
1233	19.187	1448304834	8
1234	18.750	1448304836	10
1235	17.437	1448304836	6
1236	24.500	1448304837	11
1237	18.937	1448304838	7
1238	18.937	1448304959	9
1239	19.187	1448304961	8
1240	18.687	1448304962	10
1241	17.500	1448304962	6
1242	24.500	1448304963	11
1243	18.937	1448304964	7
1244	18.875	1448305085	9
1245	19.187	1448305086	8
1246	18.687	1448305087	10
1247	17.375	1448305088	6
1248	24.500	1448305088	11
1249	18.937	1448305089	7
1250	18.937	1448305210	9
1251	19.125	1448305211	8
1252	18.687	1448305212	10
1253	17.375	1448305213	6
1254	24.500	1448305214	11
1255	18.937	1448305215	7
1256	18.875	1448305335	9
1257	19.125	1448305336	8
1258	18.687	1448305337	10
1259	17.312	1448305338	6
1260	24.500	1448305339	11
1261	18.875	1448305340	7
1262	18.875	1448305461	9
1263	19.125	1448305462	8
1264	18.687	1448305463	10
1265	17.437	1448305464	6
1266	24.250	1448305465	11
1267	18.937	1448305466	7
1268	18.875	1448305587	9
1269	19.125	1448305587	8
1270	18.687	1448305588	10
1271	17.500	1448305589	6
1272	24.812	1448305590	11
1273	18.875	1448305591	7
1274	18.875	1448305712	9
1275	19.125	1448305713	8
1276	18.687	1448305713	10
1277	17.500	1448305714	6
1278	24.500	1448305715	11
1279	18.875	1448305716	7
1280	18.875	1448305837	9
1281	19.062	1448305838	8
1282	18.687	1448305839	10
1283	17.312	1448305839	6
1284	24.500	1448305840	11
1285	18.875	1448305841	7
1286	18.875	1448305962	9
1287	19.062	1448305963	8
1288	18.687	1448305964	10
1289	17.312	1448305965	6
1290	24.187	1448305966	11
1291	18.875	1448305966	7
1292	18.812	1448306087	9
1293	19.062	1448306088	8
1294	18.625	1448306089	10
1295	17.312	1448306091	6
1296	24.187	1448306091	11
1297	18.875	1448306093	7
1298	18.812	1448306214	9
1299	19.125	1448306215	8
1300	18.625	1448306216	10
1301	17.375	1448306217	6
1302	24.187	1448306217	11
1303	18.875	1448306218	7
1304	18.875	1448306340	9
1305	19.125	1448306341	8
1306	18.625	1448306342	10
1307	17.375	1448306343	6
1308	24.187	1448306343	11
1309	18.875	1448306344	7
1310	18.812	1448306465	9
1311	19.062	1448306466	8
1312	18.625	1448306467	10
1313	17.375	1448306468	6
1314	24.437	1448306469	11
1315	18.875	1448306469	7
1316	18.812	1448306590	9
1317	19.062	1448306591	8
1318	18.625	1448306592	10
1319	17.375	1448306593	6
1320	24.437	1448306594	11
1321	18.875	1448306595	7
1322	18.812	1448306716	9
1323	19.062	1448306716	8
1324	18.625	1448306717	10
1325	17.375	1448306718	6
1326	24.312	1448306719	11
1327	18.812	1448306720	7
1328	18.812	1448306841	9
1329	19.062	1448306843	8
1330	18.625	1448306844	10
1331	17.437	1448306845	6
1332	24.312	1448306846	11
1333	18.875	1448306847	7
1334	18.812	1448306968	9
1335	19.062	1448306969	8
1336	18.625	1448306970	10
1337	17.250	1448306972	6
1338	24.312	1448306973	11
1339	18.812	1448306973	7
1340	18.812	1448307094	9
1341	19.062	1448307095	8
1342	18.625	1448307096	10
1343	17.312	1448307097	6
1344	24.312	1448307098	11
1345	18.812	1448307099	7
1346	18.750	1448307219	9
1347	19.000	1448307220	8
1348	18.625	1448307221	10
1349	17.312	1448307222	6
1350	24.500	1448307223	11
1351	18.812	1448307224	7
1352	18.750	1448307345	9
1353	19.000	1448307345	8
1354	18.562	1448307346	10
1355	17.312	1448307347	6
1356	24.500	1448307348	11
1357	18.812	1448307349	7
1358	18.750	1448307470	9
1359	19.000	1448307471	8
1360	18.562	1448307471	10
1361	17.312	1448307472	6
1362	24.250	1448307473	11
1363	18.812	1448307474	7
1364	18.750	1448307595	9
1365	19.000	1448307596	8
1366	18.562	1448307597	10
1367	17.312	1448307597	6
1368	24.250	1448307598	11
1369	18.750	1448307599	7
1370	18.750	1448307720	9
1371	18.937	1448307722	8
1372	18.562	1448307723	10
1373	17.187	1448307723	6
1374	24.250	1448307724	11
1375	18.750	1448307725	7
1376	18.750	1448307846	9
1377	18.937	1448307847	8
1378	18.562	1448307848	10
1379	17.250	1448307849	6
1380	24.250	1448307849	11
1381	18.750	1448307850	7
1382	18.750	1448307971	9
1383	18.937	1448307972	8
1384	18.562	1448307973	10
1385	17.250	1448307975	6
1386	24.562	1448307975	11
1387	18.750	1448307976	7
1388	18.687	1448308097	9
1389	19.000	1448308098	8
1390	18.562	1448308099	10
1391	17.312	1448308100	6
1392	24.687	1448308101	11
1393	18.812	1448308101	7
1394	18.750	1448308222	9
1395	19.125	1448308223	8
1396	18.562	1448308224	10
1397	17.312	1448308225	6
1398	24.375	1448308226	11
1399	18.750	1448308227	7
1400	18.687	1448308348	9
1401	19.125	1448308348	8
1402	18.562	1448308349	10
1403	17.312	1448308350	6
1404	24.187	1448308351	11
1405	18.750	1448308352	7
1406	18.687	1448308473	9
1407	19.062	1448308474	8
1408	18.500	1448308474	10
1409	17.437	1448308475	6
1410	24.187	1448308476	11
1411	18.750	1448308477	7
1412	18.687	1448308598	9
1413	19.062	1448308599	8
1414	18.562	1448308600	10
1415	17.437	1448308600	6
1416	24.187	1448308601	11
1417	18.750	1448308602	7
1418	18.750	1448308723	9
1419	19.000	1448308724	8
1420	18.500	1448308725	10
1421	17.437	1448308726	6
1422	24.812	1448308726	11
1423	18.750	1448308727	7
1424	18.687	1448308848	9
1425	19.062	1448308849	8
1426	18.500	1448308850	10
1427	17.437	1448308851	6
1428	24.562	1448308852	11
1429	18.750	1448308852	7
1430	18.687	1448308973	9
1431	19.062	1448308974	8
1432	18.500	1448308975	10
1433	17.375	1448308976	6
1434	24.625	1448308977	11
1435	18.750	1448308978	7
1436	18.687	1448309099	9
1437	19.062	1448309099	8
1438	18.500	1448309100	10
1439	17.500	1448309101	6
1440	24.812	1448309102	11
1441	18.750	1448309103	7
1442	18.687	1448309224	9
1443	19.062	1448309225	8
1444	18.500	1448309226	10
1445	17.375	1448309226	6
1446	24.500	1448309227	11
1447	18.750	1448309228	7
1448	18.687	1448309349	9
1449	19.125	1448309350	8
1450	18.500	1448309351	10
1451	17.437	1448309352	6
1452	24.687	1448309352	11
1453	18.750	1448309353	7
1454	18.750	1448309474	9
1455	19.062	1448309475	8
1456	18.500	1448309476	10
1457	17.312	1448309477	6
1458	24.687	1448309478	11
1459	18.750	1448309479	7
1460	18.750	1448309599	9
1461	19.125	1448309600	8
1462	18.500	1448309601	10
1463	17.312	1448309602	6
1464	24.437	1448309603	11
1465	18.750	1448309604	7
1466	18.750	1448309725	9
1467	19.125	1448309725	8
1468	18.500	1448309726	10
1469	17.187	1448309727	6
1470	24.312	1448309728	11
1471	18.750	1448309729	7
1472	18.687	1448309850	9
1473	19.125	1448309851	8
1474	18.500	1448309851	10
1475	17.187	1448309852	6
1476	24.875	1448309853	11
1477	18.750	1448309854	7
1478	18.687	1448309975	9
1479	19.125	1448309976	8
1480	18.562	1448309977	10
1481	17.562	1448309978	6
1482	24.875	1448309978	11
1483	18.750	1448309979	7
1484	18.687	1448310101	9
1485	19.125	1448310102	8
1486	18.500	1448310103	10
1487	17.562	1448310104	6
1488	25.000	1448310104	11
1489	18.750	1448310105	7
1490	18.687	1448310226	9
1491	19.125	1448310227	8
1492	18.562	1448310228	10
1493	17.562	1448310229	6
1494	24.375	1448310230	11
1495	18.750	1448310230	7
1496	18.687	1448310351	9
1497	19.125	1448310352	8
1498	18.500	1448310353	10
1499	17.375	1448310354	6
1500	24.375	1448310355	11
1501	18.750	1448310356	7
1502	18.687	1448310477	9
1503	19.125	1448310477	8
1504	18.500	1448310478	10
1505	17.375	1448310479	6
1506	24.625	1448310480	11
1507	18.812	1448310481	7
1508	18.750	1448310602	9
1509	19.187	1448310603	8
1510	18.500	1448310603	10
1511	17.500	1448310604	6
1512	24.625	1448310605	11
1513	18.750	1448310606	7
1514	18.750	1448310727	9
1515	19.187	1448310728	8
1516	18.562	1448310729	10
1517	17.500	1448310730	6
1518	24.625	1448310730	11
1519	18.750	1448310731	7
1520	18.750	1448310852	9
1521	19.187	1448310853	8
1522	18.562	1448310854	10
1523	17.500	1448310855	6
1524	24.562	1448310856	11
1525	18.750	1448310856	7
1526	18.750	1448310977	9
1527	19.187	1448310978	8
1528	18.500	1448310979	10
1529	17.562	1448310980	6
1530	24.812	1448310981	11
1531	18.812	1448310982	7
1532	18.750	1448311102	9
1533	19.187	1448311103	8
1534	18.500	1448311104	10
1535	17.562	1448311105	6
1536	24.812	1448311106	11
1537	18.750	1448311107	7
1538	18.687	1448311228	9
1539	19.187	1448311228	8
1540	18.500	1448311229	10
1541	17.562	1448311230	6
1542	24.625	1448311232	11
1543	18.750	1448311233	7
1544	18.687	1448311354	9
1545	19.187	1448311355	8
1546	18.562	1448311355	10
1547	17.625	1448311356	6
1548	25.125	1448311357	11
1549	18.750	1448311358	7
1550	18.687	1448311479	9
1551	19.187	1448311480	8
1552	18.500	1448311481	10
1553	17.625	1448311481	6
1554	25.125	1448311482	11
1555	18.812	1448311484	7
1556	18.750	1448311605	9
1557	19.187	1448311606	8
1558	18.562	1448311607	10
1559	17.625	1448311607	6
1560	25.125	1448311608	11
1561	18.812	1448311609	7
1562	18.750	1448311730	9
1563	19.187	1448311731	8
1564	18.500	1448311732	10
1565	17.625	1448311733	6
1566	25.125	1448311733	11
1567	18.750	1448311734	7
1568	18.750	1448311855	9
1569	19.125	1448311856	8
1570	18.562	1448311857	10
1571	17.562	1448311858	6
1572	25.125	1448311859	11
1573	18.812	1448311859	7
1574	18.687	1448311980	9
1575	19.125	1448311981	8
1576	18.562	1448311982	10
1577	17.562	1448311983	6
1578	24.875	1448311984	11
1579	18.812	1448311985	7
1580	18.750	1448312106	9
1581	19.125	1448312106	8
1582	18.562	1448312107	10
1583	17.625	1448312108	6
1584	24.875	1448312109	11
1585	18.812	1448312110	7
1586	18.750	1448312231	9
1587	19.187	1448312232	8
1588	18.562	1448312232	10
1589	17.812	1448312233	6
1590	25.125	1448312234	11
1591	18.812	1448312235	7
1592	18.750	1448312356	9
1593	19.187	1448312357	8
1594	18.562	1448312358	10
1595	17.687	1448312359	6
1596	25.187	1448312360	11
1597	18.812	1448312361	7
1598	18.750	1448312482	9
1599	19.250	1448312483	8
1600	18.562	1448312484	10
1601	17.812	1448312484	6
1602	25.250	1448312485	11
1603	18.812	1448312486	7
1604	18.750	1448312607	9
1605	19.250	1448312608	8
1606	18.562	1448312609	10
1607	17.750	1448312610	6
1608	25.250	1448312610	11
1609	18.875	1448312611	7
1610	18.750	1448312732	9
1611	19.312	1448312733	8
1612	18.562	1448312734	10
1613	17.812	1448312735	6
1614	25.250	1448312736	11
1615	18.812	1448312736	7
1616	18.750	1448312857	9
1617	19.312	1448312858	8
1618	18.562	1448312859	10
1619	17.750	1448312860	6
1620	25.250	1448312861	11
1621	18.812	1448312862	7
1622	18.750	1448312983	9
1623	19.312	1448312983	8
1624	18.625	1448312984	10
1625	17.812	1448312985	6
1626	25.250	1448312986	11
1627	18.812	1448312987	7
1628	18.750	1448313108	9
1629	19.312	1448313109	8
1630	18.625	1448313110	10
1631	17.937	1448313110	6
1632	25.125	1448313111	11
1633	18.875	1448313112	7
1634	18.750	1448313233	9
1635	19.250	1448313234	8
1636	18.562	1448313235	10
1637	17.875	1448313236	6
1638	25.125	1448313237	11
1639	18.875	1448313238	7
1640	18.750	1448313359	9
1641	19.312	1448313360	8
1642	18.562	1448313361	10
1643	17.812	1448313362	6
1644	25.187	1448313362	11
1645	18.875	1448313363	7
1646	18.750	1448313484	9
1647	19.312	1448313485	8
1648	18.562	1448313486	10
1649	17.812	1448313487	6
1650	25.250	1448313488	11
1651	18.875	1448313488	7
1652	18.750	1448313609	9
1653	19.375	1448313610	8
1654	18.562	1448313611	10
1655	17.875	1448313612	6
1656	25.187	1448313613	11
1657	18.875	1448313614	7
1658	18.750	1448313735	9
1659	19.375	1448313736	8
1660	18.562	1448313737	10
1661	17.875	1448313738	6
1662	25.000	1448313739	11
1663	18.875	1448313740	7
1664	18.812	1448313861	9
1665	19.375	1448313861	8
1666	18.625	1448313862	10
1667	17.937	1448313863	6
1668	25.062	1448313864	11
1669	18.937	1448313865	7
1670	18.812	1448313986	9
1671	19.375	1448313987	8
1672	18.625	1448313987	10
1673	17.937	1448313988	6
1674	25.250	1448313989	11
1675	18.937	1448313990	7
1676	18.875	1448314111	9
1677	19.375	1448314112	8
1678	18.625	1448314113	10
1679	18.000	1448314113	6
1680	25.312	1448314114	11
1681	18.937	1448314115	7
1682	18.875	1448314236	9
1683	19.437	1448314237	8
1684	18.625	1448314238	10
1685	18.000	1448314239	6
1686	25.312	1448314239	11
1687	19.000	1448314240	7
1688	18.875	1448314361	9
1689	19.437	1448314363	8
1690	18.687	1448314364	10
1691	17.937	1448314365	6
1692	25.312	1448314365	11
1693	19.000	1448314366	7
1694	18.875	1448314487	9
1695	19.500	1448314488	8
1696	18.687	1448314489	10
1697	18.000	1448314490	6
1698	24.937	1448314491	11
1699	19.000	1448314491	7
1700	18.875	1448314612	9
1701	19.500	1448314613	8
1702	18.687	1448314614	10
1703	18.000	1448314616	6
1704	24.937	1448314617	11
1705	19.000	1448314618	7
1706	18.875	1448314739	9
1707	19.500	1448314740	8
1708	18.687	1448314741	10
1709	18.000	1448314742	6
1710	25.625	1448314743	11
1711	19.000	1448314744	7
1712	18.937	1448314864	9
1713	19.500	1448314865	8
1714	18.687	1448314866	10
1715	18.062	1448314867	6
1716	25.125	1448314868	11
1717	19.000	1448314869	7
1718	18.937	1448314990	9
1719	19.500	1448314990	8
1720	18.687	1448314991	10
1721	18.125	1448314992	6
1722	25.437	1448314993	11
1723	19.000	1448314994	7
1724	18.937	1448315115	9
1725	19.500	1448315116	8
1726	18.687	1448315116	10
1727	18.125	1448315117	6
1728	25.562	1448315118	11
1729	19.062	1448315119	7
1730	18.937	1448315240	9
1731	19.500	1448315241	8
1732	18.750	1448315242	10
1733	18.125	1448315243	6
1734	25.562	1448315243	11
1735	19.062	1448315244	7
1736	18.937	1448315365	9
1737	19.562	1448315366	8
1738	18.750	1448315367	10
1739	18.125	1448315368	6
1740	25.625	1448315369	11
1741	19.062	1448315370	7
1742	19.000	1448315491	9
1743	19.437	1448315492	8
1744	18.812	1448315493	10
1745	18.000	1448315494	6
1746	25.125	1448315494	11
1747	19.062	1448315495	7
1748	19.000	1448315616	9
1749	19.562	1448315617	8
1750	18.812	1448315618	10
1751	17.937	1448315619	6
1752	25.125	1448315620	11
1753	19.062	1448315621	7
1754	19.000	1448315741	9
1755	19.500	1448315742	8
1756	18.812	1448315743	10
1757	17.937	1448315744	6
1758	25.250	1448315745	11
1759	19.062	1448315746	7
1760	19.062	1448315867	9
1761	19.562	1448315867	8
1762	18.812	1448315868	10
1763	18.125	1448315869	6
1764	25.500	1448315870	11
1765	19.125	1448315871	7
1766	19.062	1448315992	9
1767	19.625	1448315993	8
1768	18.812	1448315994	10
1769	18.062	1448315995	6
1770	25.375	1448315996	11
1771	19.125	1448315997	7
1772	19.125	1448316118	9
1773	19.625	1448316119	8
1774	18.875	1448316120	10
1775	18.062	1448316121	6
1776	25.375	1448316121	11
1777	19.125	1448316122	7
1778	19.125	1448316243	9
1779	19.625	1448316244	8
1780	18.875	1448316245	10
1781	18.062	1448316246	6
1782	25.375	1448316247	11
1783	19.125	1448316248	7
1784	19.125	1448316368	9
1785	19.625	1448316369	8
1786	18.875	1448316370	10
1787	18.062	1448316371	6
1788	25.687	1448316373	11
1789	19.125	1448316373	7
1790	19.125	1448316494	9
1791	19.625	1448316495	8
1792	18.875	1448316496	10
1793	18.062	1448316497	6
1794	25.312	1448316498	11
1795	19.187	1448316499	7
1796	19.125	1448316620	9
1797	19.687	1448316620	8
1798	18.875	1448316621	10
1799	18.125	1448316622	6
1800	25.437	1448316623	11
1801	19.187	1448316624	7
1802	19.187	1448316745	9
1803	19.750	1448316746	8
1804	18.875	1448316747	10
1805	18.187	1448316749	6
1806	25.375	1448316750	11
1807	19.187	1448316751	7
1808	19.187	1448316872	9
1809	19.750	1448316873	8
1810	19.000	1448316874	10
1811	18.250	1448316875	6
1812	25.750	1448316875	11
1813	19.187	1448316876	7
1814	19.187	1448316997	9
1815	19.750	1448316998	8
1816	19.000	1448317000	10
1817	18.312	1448317001	6
1818	25.562	1448317001	11
1819	19.250	1448317002	7
1820	19.187	1448317123	9
1821	19.875	1448317124	8
1822	19.000	1448317125	10
1823	18.312	1448317126	6
1824	25.937	1448317127	11
1825	19.250	1448317127	7
1826	19.187	1448317248	9
1827	19.875	1448317249	8
1828	19.000	1448317250	10
1829	18.312	1448317251	6
1830	25.562	1448317252	11
1831	19.250	1448317253	7
1832	19.187	1448317373	9
1833	19.875	1448317374	8
1834	19.000	1448317375	10
1835	18.375	1448317376	6
1836	25.750	1448317377	11
1837	19.250	1448317378	7
1838	19.187	1448317500	9
1839	19.937	1448317501	8
1840	19.062	1448317502	10
1841	18.437	1448317503	6
1842	25.812	1448317504	11
1843	19.250	1448317505	7
1844	19.250	1448317626	9
1845	19.937	1448317626	8
1846	19.062	1448317627	10
1847	18.500	1448317628	6
1848	25.812	1448317629	11
1849	19.250	1448317630	7
1850	19.250	1448317751	9
1851	19.937	1448317752	8
1852	19.062	1448317752	10
1853	18.437	1448317753	6
1854	25.750	1448317754	11
1855	19.250	1448317755	7
1856	19.250	1448317876	9
1857	19.937	1448317877	8
1858	19.062	1448317877	10
1859	18.437	1448317878	6
1860	25.875	1448317879	11
1861	19.312	1448317880	7
1862	19.250	1448318001	9
1863	19.937	1448318002	8
1864	19.062	1448318003	10
1865	18.500	1448318004	6
1866	25.875	1448318004	11
1867	19.312	1448318005	7
1868	19.312	1448318126	9
1869	20.000	1448318127	8
1870	19.125	1448318128	10
1871	18.500	1448318129	6
1872	25.937	1448318130	11
1873	19.312	1448318130	7
1874	19.312	1448318251	9
1875	20.000	1448318252	8
1876	19.125	1448318253	10
1877	18.500	1448318254	6
1878	25.937	1448318255	11
1879	19.312	1448318256	7
1880	19.312	1448318377	9
1881	20.062	1448318377	8
1882	19.125	1448318378	10
1883	18.625	1448318379	6
1884	25.937	1448318380	11
1885	19.312	1448318381	7
1886	19.312	1448318502	9
1887	20.000	1448318503	8
1888	19.125	1448318503	10
1889	18.625	1448318504	6
1890	25.937	1448318505	11
1891	19.312	1448318507	7
1892	19.312	1448318628	9
1893	20.000	1448318629	8
1894	19.125	1448318630	10
1895	18.625	1448318631	6
1896	25.687	1448318632	11
1897	19.312	1448318633	7
1898	19.312	1448318754	9
1899	20.000	1448318755	8
1900	19.125	1448318755	10
1901	18.687	1448318756	6
1902	25.875	1448318757	11
1903	19.312	1448318759	7
1904	19.312	1448318880	9
1905	20.062	1448318881	8
1906	19.125	1448318882	10
1907	18.812	1448318883	6
1908	25.750	1448318884	11
1909	19.375	1448318886	7
1910	19.312	1448319007	9
1911	20.062	1448319007	8
1912	19.125	1448319008	10
1913	18.812	1448319009	6
1914	25.750	1448319010	11
1915	19.375	1448319011	7
1916	19.312	1448319132	9
1917	20.125	1448319133	8
1918	19.125	1448319134	10
1919	18.812	1448319135	6
1920	25.500	1448319136	11
1921	19.375	1448319138	7
1922	19.312	1448319259	9
1923	20.125	1448319259	8
1924	19.125	1448319260	10
1925	18.812	1448319261	6
1926	25.500	1448319262	11
1927	19.375	1448319263	7
1928	19.375	1448319384	9
1929	20.125	1448319384	8
1930	19.125	1448319385	10
1931	18.812	1448319386	6
1932	25.812	1448319387	11
1933	19.375	1448319388	7
1934	19.375	1448319509	9
1935	20.125	1448319510	8
1936	19.125	1448319510	10
1937	18.875	1448319511	6
1938	25.750	1448319512	11
1939	19.375	1448319513	7
1940	19.375	1448319634	9
1941	20.187	1448319636	8
1942	19.125	1448319636	10
1943	18.875	1448319637	6
1944	25.750	1448319638	11
1945	19.437	1448319639	7
1946	19.312	1448319760	9
1947	20.187	1448319761	8
1948	19.125	1448319762	10
1949	18.875	1448319763	6
1950	25.750	1448319764	11
1951	19.437	1448319765	7
1952	19.375	1448319886	9
1953	20.187	1448319887	8
1954	19.187	1448319888	10
1955	18.937	1448319889	6
1956	25.812	1448319889	11
1957	19.437	1448319890	7
1958	19.375	1448320011	9
1959	20.125	1448320012	8
1960	19.187	1448320013	10
1961	18.937	1448320014	6
1962	25.812	1448320015	11
1963	19.375	1448320015	7
1964	19.375	1448320136	9
1965	20.125	1448320137	8
1966	19.187	1448320138	10
1967	18.937	1448320139	6
1968	25.812	1448320140	11
1969	19.437	1448320141	7
1970	19.375	1448320261	9
1971	20.250	1448320262	8
1972	19.187	1448320263	10
1973	18.937	1448320264	6
1974	26.125	1448320265	11
1975	19.437	1448320266	7
1976	19.375	1448320387	9
1977	20.187	1448320388	8
1978	19.250	1448320388	10
1979	18.937	1448320389	6
1980	26.062	1448320390	11
1981	19.500	1448320392	7
1982	19.437	1448320514	9
1983	20.187	1448320514	8
1984	19.250	1448320515	10
1985	18.937	1448320516	6
1986	26.125	1448320517	11
1987	19.500	1448320518	7
1988	19.437	1448320639	9
1989	20.250	1448320640	8
1990	19.250	1448320640	10
1991	18.937	1448320641	6
1992	26.125	1448320642	11
1993	19.500	1448320643	7
1994	19.437	1448320764	9
1995	20.250	1448320765	8
1996	19.250	1448320766	10
1997	19.062	1448320767	6
1998	26.125	1448320768	11
1999	19.500	1448320769	7
2000	19.437	1448320890	9
2001	20.250	1448320891	8
2002	19.250	1448320892	10
2003	19.062	1448320893	6
2004	26.187	1448320894	11
2005	19.500	1448320895	7
2006	19.437	1448321016	9
2007	20.250	1448321017	8
2008	19.250	1448321018	10
2009	19.062	1448321019	6
2010	26.062	1448321020	11
2011	19.500	1448321020	7
2012	19.437	1448321141	9
2013	20.250	1448321142	8
2014	19.250	1448321143	10
2015	19.125	1448321144	6
2016	26.000	1448321146	11
2017	19.562	1448321146	7
2018	19.500	1448321267	9
2019	20.312	1448321268	8
2020	19.312	1448321269	10
2021	19.125	1448321270	6
2022	26.000	1448321271	11
2023	19.562	1448321272	7
2024	19.500	1448321393	9
2025	20.312	1448321393	8
2026	19.312	1448321394	10
2027	19.125	1448321395	6
2028	26.625	1448321396	11
2029	19.562	1448321397	7
2030	19.500	1448321518	9
2031	20.312	1448321519	8
2032	19.312	1448321519	10
2033	19.125	1448321520	6
2034	26.062	1448321521	11
2035	19.562	1448321522	7
2036	19.500	1448321643	9
2037	20.312	1448321644	8
2038	19.312	1448321645	10
2039	19.250	1448321645	6
2040	26.375	1448321646	11
2041	19.562	1448321647	7
2042	19.500	1448321768	9
2043	20.312	1448321769	8
2044	19.312	1448321770	10
2045	19.250	1448321771	6
2046	26.500	1448321771	11
2047	19.562	1448321772	7
2048	19.500	1448321893	9
2049	20.312	1448321894	8
2050	19.312	1448321895	10
2051	19.312	1448321896	6
2052	26.500	1448321897	11
2053	19.562	1448321898	7
2054	19.562	1448322019	9
2055	20.375	1448322020	8
2056	19.375	1448322021	10
2057	19.312	1448322022	6
2058	26.375	1448322023	11
2059	19.625	1448322023	7
2060	19.562	1448322144	9
2061	20.375	1448322145	8
2062	19.375	1448322146	10
2063	19.312	1448322147	6
2064	26.312	1448322148	11
2065	19.625	1448322149	7
2066	19.562	1448322270	9
2067	20.312	1448322270	8
2068	19.375	1448322271	10
2069	19.312	1448322272	6
2070	26.687	1448322273	11
2071	19.625	1448322274	7
2072	19.562	1448322395	9
2073	20.312	1448322396	8
2074	19.375	1448322396	10
2075	19.375	1448322398	6
2076	26.375	1448322399	11
2077	19.625	1448322400	7
2078	19.562	1448322521	9
2079	20.312	1448322522	8
2080	19.375	1448322522	10
2081	19.375	1448322523	6
2082	26.500	1448322524	11
2083	19.625	1448322525	7
2084	19.562	1448322646	9
2085	20.312	1448322647	8
2086	19.375	1448322648	10
2087	19.375	1448322648	6
2088	26.375	1448322650	11
2089	19.625	1448322651	7
2090	19.562	1448322772	9
2091	20.312	1448322773	8
2092	19.375	1448322774	10
2093	19.437	1448322774	6
2094	26.750	1448322775	11
2095	19.625	1448322776	7
2096	19.562	1448322897	9
2097	20.312	1448322898	8
2098	19.375	1448322899	10
2099	19.437	1448322900	6
2100	26.562	1448322901	11
2101	19.687	1448322901	7
2102	19.562	1448323022	9
2103	20.375	1448323023	8
2104	19.375	1448323024	10
2105	19.437	1448323025	6
2106	26.437	1448323026	11
2107	19.687	1448323027	7
2108	19.562	1448323147	9
2109	20.375	1448323148	8
2110	19.375	1448323149	10
2111	19.437	1448323150	6
2112	26.687	1448323151	11
2113	19.687	1448323152	7
2114	19.562	1448323273	9
2115	20.437	1448323273	8
2116	19.437	1448323274	10
2117	19.500	1448323275	6
2118	26.750	1448323276	11
2119	19.687	1448323277	7
2120	19.562	1448323398	9
2121	20.375	1448323399	8
2122	19.437	1448323399	10
2123	19.562	1448323400	6
2124	26.750	1448323401	11
2125	19.625	1448323402	7
2126	19.625	1448323523	9
2127	20.375	1448323524	8
2128	19.437	1448323525	10
2129	19.562	1448323525	6
2130	26.875	1448323526	11
2131	19.687	1448323527	7
2132	19.625	1448323648	9
2133	20.375	1448323649	8
2134	19.437	1448323650	10
2135	19.562	1448323651	6
2136	27.062	1448323651	11
2137	19.687	1448323652	7
2138	19.625	1448323773	9
2139	20.437	1448323774	8
2140	19.437	1448323775	10
2141	19.625	1448323776	6
2142	27.062	1448323777	11
2143	19.687	1448323777	7
2144	19.625	1448323898	9
2145	20.437	1448323899	8
2146	19.500	1448323900	10
2147	19.687	1448323901	6
2148	26.937	1448323902	11
2149	19.687	1448323903	7
2150	19.687	1448324024	9
2151	20.375	1448324024	8
2152	19.500	1448324025	10
2153	19.625	1448324026	6
2154	27.125	1448324027	11
2155	19.750	1448324028	7
2156	19.687	1448324149	9
2157	20.437	1448324150	8
2158	19.562	1448324150	10
2159	19.687	1448324151	6
2160	26.875	1448324152	11
2161	19.750	1448324153	7
2162	19.687	1448324274	9
2163	20.437	1448324275	8
2164	19.500	1448324276	10
2165	19.750	1448324276	6
2166	26.875	1448324277	11
2167	19.750	1448324278	7
2168	19.687	1448324399	9
2169	20.562	1448324400	8
2170	19.562	1448324401	10
2171	19.750	1448324402	6
2172	27.187	1448324402	11
2173	19.750	1448324403	7
2174	19.750	1448324524	9
2175	20.562	1448324525	8
2176	19.562	1448324526	10
2177	19.812	1448324527	6
2178	27.125	1448324528	11
2179	19.812	1448324528	7
2180	19.750	1448324649	9
2181	20.500	1448324650	8
2182	19.625	1448324651	10
2183	19.812	1448324652	6
2184	27.125	1448324653	11
2185	19.812	1448324654	7
2186	19.750	1448324774	9
2187	20.500	1448324775	8
2188	19.562	1448324776	10
2189	19.812	1448324777	6
2190	27.562	1448324778	11
2191	19.812	1448324779	7
2192	19.750	1448324900	9
2193	20.500	1448324900	8
2194	19.625	1448324901	10
2195	19.875	1448324902	6
2196	27.250	1448324903	11
2197	19.812	1448324904	7
2198	19.750	1448325025	9
2199	20.500	1448325026	8
2200	19.625	1448325026	10
2201	19.875	1448325027	6
2202	27.375	1448325028	11
2203	19.875	1448325029	7
2204	19.750	1448325150	9
2205	20.562	1448325151	8
2206	19.625	1448325152	10
2207	19.875	1448325152	6
2208	27.375	1448325153	11
2209	19.875	1448325154	7
2210	19.875	1448325275	9
2211	20.625	1448325276	8
2212	19.687	1448325277	10
2213	19.937	1448325278	6
2214	27.312	1448325278	11
2215	19.875	1448325279	7
2216	19.875	1448325400	9
2217	20.625	1448325401	8
2218	19.687	1448325402	10
2219	19.875	1448325403	6
2220	27.500	1448325404	11
2221	19.875	1448325404	7
2222	19.875	1448325525	9
2223	20.625	1448325526	8
2224	19.750	1448325527	10
2225	20.000	1448325528	6
2226	27.375	1448325529	11
2227	19.875	1448325530	7
2228	19.937	1448325651	9
2229	20.625	1448325651	8
2230	19.750	1448325652	10
2231	20.000	1448325653	6
2232	27.437	1448325654	11
2233	19.875	1448325655	7
2234	20.000	1448325777	9
2235	20.625	1448325777	8
2236	19.812	1448325778	10
2237	20.125	1448325779	6
2238	27.437	1448325780	11
2239	20.000	1448325781	7
2240	20.000	1448325902	9
2241	20.625	1448325903	8
2242	19.812	1448325904	10
2243	20.062	1448325904	6
2244	27.437	1448325905	11
2245	20.000	1448325906	7
2246	20.000	1448326027	9
2247	20.625	1448326028	8
2248	19.812	1448326029	10
2249	20.062	1448326031	6
2250	27.437	1448326032	11
2251	20.000	1448326033	7
2252	20.062	1448326154	9
2253	20.625	1448326155	8
2254	19.875	1448326155	10
2255	20.125	1448326156	6
2256	27.625	1448326157	11
2257	20.000	1448326158	7
2258	20.062	1448326279	9
2259	20.750	1448326280	8
2260	19.875	1448326281	10
2261	20.125	1448326281	6
2262	27.437	1448326282	11
2263	20.062	1448326283	7
2264	20.062	1448326404	9
2265	20.750	1448326406	8
2266	19.875	1448326407	10
2267	20.187	1448326407	6
2268	27.687	1448326409	11
2269	20.062	1448326410	7
2270	20.125	1448326531	9
2271	20.750	1448326532	8
2272	19.937	1448326533	10
2273	20.250	1448326533	6
2274	27.937	1448326534	11
2275	20.062	1448326535	7
2276	20.125	1448326656	9
2277	20.750	1448326657	8
2278	19.937	1448326658	10
2279	20.250	1448326659	6
2280	27.875	1448326660	11
2281	20.062	1448326660	7
2282	20.125	1448326781	9
2283	20.750	1448326782	8
2284	19.937	1448326783	10
2285	20.312	1448326784	6
2286	28.062	1448326785	11
2287	20.125	1448326786	7
2288	20.187	1448326906	9
2289	20.750	1448326907	8
2290	20.062	1448326909	10
2291	20.312	1448326910	6
2292	27.812	1448326911	11
2293	20.187	1448326912	7
2294	20.250	1448327032	9
2295	20.750	1448327033	8
2296	20.062	1448327034	10
2297	20.312	1448327035	6
2298	27.812	1448327036	11
2299	20.187	1448327037	7
2300	20.250	1448327157	9
2301	20.812	1448327158	8
2302	20.062	1448327159	10
2303	20.312	1448327160	6
2304	27.812	1448327161	11
2305	20.187	1448327162	7
2306	20.250	1448327283	9
2307	20.875	1448327283	8
2308	20.062	1448327284	10
2309	20.437	1448327286	6
2310	27.750	1448327287	11
2311	20.187	1448327288	7
2312	20.250	1448327409	9
2313	20.937	1448327409	8
2314	20.062	1448327410	10
2315	20.437	1448327411	6
2316	27.687	1448327412	11
2317	20.187	1448327413	7
2318	20.312	1448327535	9
2319	20.937	1448327535	8
2320	20.125	1448327536	10
2321	20.312	1448327537	6
2322	27.687	1448327538	11
2323	20.250	1448327539	7
2324	20.312	1448327660	9
2325	20.937	1448327661	8
2326	20.187	1448327661	10
2327	20.312	1448327662	6
2328	27.937	1448327663	11
2329	20.250	1448327664	7
2330	20.312	1448327785	9
2331	21.000	1448327786	8
2332	20.187	1448327787	10
2333	20.500	1448327788	6
2334	27.875	1448327789	11
2335	20.312	1448327790	7
2336	20.375	1448327911	9
2337	21.000	1448327912	8
2338	20.187	1448327913	10
2339	20.562	1448327914	6
2340	27.937	1448327914	11
2341	20.312	1448327915	7
2342	20.375	1448328036	9
2343	21.062	1448328038	8
2344	20.187	1448328039	10
2345	20.562	1448328040	6
2346	28.062	1448328040	11
2347	20.312	1448328041	7
2348	20.375	1448328162	9
2349	21.062	1448328163	8
2350	20.187	1448328164	10
2351	20.562	1448328165	6
2352	28.125	1448328166	11
2353	20.375	1448328167	7
2354	20.437	1448328287	9
2355	21.062	1448328288	8
2356	20.250	1448328289	10
2357	20.562	1448328290	6
2358	28.250	1448328291	11
2359	20.375	1448328292	7
2360	20.437	1448328413	9
2361	21.062	1448328413	8
2362	20.250	1448328414	10
2363	20.625	1448328415	6
2364	28.062	1448328416	11
2365	20.375	1448328417	7
2366	20.437	1448328538	9
2367	21.125	1448328539	8
2368	20.312	1448328539	10
2369	20.625	1448328540	6
2370	28.062	1448328541	11
2371	20.437	1448328542	7
2372	20.500	1448328663	9
2373	21.125	1448328664	8
2374	20.312	1448328665	10
2375	20.687	1448328666	6
2376	28.187	1448328667	11
2377	20.500	1448328668	7
2378	20.500	1448328789	9
2379	21.187	1448328790	8
2380	20.375	1448328791	10
2381	20.687	1448328791	6
2382	28.000	1448328792	11
2383	20.500	1448328793	7
2384	20.500	1448328914	9
2385	21.187	1448328915	8
2386	20.375	1448328916	10
2387	20.687	1448328917	6
2388	28.312	1448328917	11
2389	20.500	1448328918	7
2390	20.562	1448329039	9
2391	21.187	1448329040	8
2392	20.375	1448329041	10
2393	20.750	1448329042	6
2394	28.125	1448329043	11
2395	20.500	1448329043	7
2396	20.625	1448329165	9
2397	21.250	1448329166	8
2398	20.437	1448329167	10
2399	20.750	1448329168	6
2400	28.125	1448329169	11
2401	20.562	1448329169	7
2402	20.562	1448329290	9
2403	21.250	1448329291	8
2404	20.437	1448329292	10
2405	20.875	1448329293	6
2406	28.250	1448329295	11
2407	20.562	1448329295	7
2408	20.625	1448329416	9
2409	21.250	1448329417	8
2410	20.437	1448329418	10
2411	20.875	1448329419	6
2412	28.312	1448329420	11
2413	20.625	1448329421	7
2414	20.687	1448329542	9
2415	21.250	1448329543	8
2416	20.437	1448329543	10
2417	20.875	1448329544	6
2418	28.312	1448329545	11
2419	20.625	1448329546	7
2420	20.687	1448329667	9
2421	21.250	1448329668	8
2422	20.437	1448329669	10
2423	21.062	1448329669	6
2424	28.437	1448329670	11
2425	20.625	1448329671	7
2426	20.750	1448329792	9
2427	21.250	1448329793	8
2428	20.500	1448329794	10
2429	20.937	1448329795	6
2430	28.312	1448329795	11
2431	20.687	1448329796	7
2432	20.750	1448329917	9
2433	21.375	1448329918	8
2434	20.500	1448329919	10
2435	21.000	1448329920	6
2436	28.500	1448329922	11
2437	20.687	1448329922	7
2438	20.750	1448330043	9
2439	21.375	1448330044	8
2440	20.562	1448330045	10
2441	21.000	1448330046	6
2442	28.562	1448330047	11
2443	20.687	1448330047	7
2444	20.812	1448330168	9
2445	21.375	1448330169	8
2446	20.625	1448330170	10
2447	21.125	1448330171	6
2448	28.625	1448330173	11
2449	20.687	1448330173	7
2450	20.812	1448330294	9
2451	21.437	1448330295	8
2452	20.625	1448330296	10
2453	21.125	1448330297	6
2454	28.500	1448330298	11
2455	20.750	1448330299	7
2456	20.875	1448330420	9
2457	21.500	1448330421	8
2458	20.687	1448330422	10
2459	21.125	1448330423	6
2460	28.625	1448330424	11
2461	20.812	1448330425	7
2462	20.875	1448330546	9
2463	21.625	1448330546	8
2464	20.750	1448330548	10
2465	21.187	1448330549	6
2466	28.625	1448330550	11
2467	20.875	1448330551	7
2468	20.937	1448330672	9
2469	21.687	1448330673	8
2470	20.750	1448330674	10
2471	21.125	1448330676	6
2472	28.625	1448330677	11
2473	20.875	1448330677	7
2474	20.937	1448330798	9
2475	21.687	1448330800	8
2476	20.812	1448330801	10
2477	21.187	1448330802	6
2478	28.812	1448330803	11
2479	21.000	1448330804	7
2480	20.937	1448330925	9
2481	21.750	1448330926	8
2482	20.812	1448330927	10
2483	21.187	1448330928	6
2484	28.625	1448330929	11
2485	21.000	1448330930	7
2486	21.000	1448331050	9
2487	21.750	1448331051	8
2488	20.812	1448331052	10
2489	21.250	1448331053	6
2490	28.625	1448331054	11
2491	21.062	1448331055	7
2492	21.062	1448331176	9
2493	21.750	1448331176	8
2494	20.875	1448331177	10
2495	21.250	1448331178	6
2496	28.625	1448331179	11
2497	21.062	1448331180	7
2498	21.062	1448331301	9
2499	21.875	1448331302	8
2500	20.937	1448331302	10
2501	21.375	1448331304	6
2502	28.812	1448331305	11
2503	21.125	1448331306	7
2504	21.125	1448331427	9
2505	21.937	1448331428	8
2506	20.937	1448331428	10
2507	21.437	1448331429	6
2508	29.000	1448331430	11
2509	21.125	1448331431	7
2510	21.187	1448331552	9
2511	21.937	1448331554	8
2512	21.000	1448331554	10
2513	21.437	1448331555	6
2514	29.000	1448331556	11
2515	21.187	1448331557	7
2516	21.250	1448331678	9
2517	21.937	1448331679	8
2518	21.000	1448331680	10
2519	21.437	1448331680	6
2520	28.687	1448331681	11
2521	21.187	1448331682	7
2522	21.250	1448331803	9
2523	22.000	1448331804	8
2524	21.000	1448331805	10
2525	21.437	1448331806	6
2526	28.750	1448331806	11
2527	21.187	1448331807	7
2528	21.312	1448331928	9
2529	22.062	1448331929	8
2530	21.000	1448331930	10
2531	21.500	1448331931	6
2532	28.875	1448331932	11
2533	21.250	1448331932	7
2534	21.312	1448332053	9
2535	22.062	1448332054	8
2536	21.125	1448332055	10
2537	21.562	1448332056	6
2538	28.937	1448332057	11
2539	21.312	1448332058	7
2540	21.312	1448332179	9
2541	22.062	1448332179	8
2542	21.125	1448332180	10
2543	21.562	1448332181	6
2544	28.875	1448332182	11
2545	21.375	1448332183	7
2546	21.375	1448332304	9
2547	22.062	1448332305	8
2548	21.125	1448332305	10
2549	21.562	1448332306	6
2550	28.937	1448332307	11
2551	21.375	1448332308	7
2552	21.375	1448332429	9
2553	22.187	1448332430	8
2554	21.187	1448332431	10
2555	21.625	1448332432	6
2556	29.125	1448332433	11
2557	21.375	1448332434	7
2558	21.375	1448332555	9
2559	22.187	1448332556	8
2560	21.187	1448332557	10
2561	21.625	1448332557	6
2562	29.000	1448332558	11
2563	21.375	1448332559	7
2564	21.437	1448332680	9
2565	22.187	1448332681	8
2566	21.250	1448332682	10
2567	21.625	1448332683	6
2568	29.250	1448332684	11
2569	21.437	1448332685	7
2570	21.500	1448332806	9
2571	22.250	1448332807	8
2572	21.250	1448332809	10
2573	21.562	1448332810	6
2574	29.125	1448332810	11
2575	21.437	1448332811	7
2576	21.500	1448332932	9
2577	22.250	1448332933	8
2578	21.312	1448332934	10
2579	21.625	1448332935	6
2580	29.312	1448332936	11
2581	21.500	1448332937	7
2582	21.500	1448333058	9
2583	22.312	1448333059	8
2584	21.312	1448333060	10
2585	21.625	1448333061	6
2586	29.250	1448333062	11
2587	21.500	1448333062	7
2588	21.562	1448333183	9
2589	22.312	1448333184	8
2590	21.375	1448333185	10
2591	21.687	1448333186	6
2592	29.250	1448333187	11
2593	21.562	1448333188	7
2594	21.562	1448333309	9
2595	22.250	1448333309	8
2596	21.437	1448333310	10
2597	21.562	1448333311	6
2598	29.250	1448333312	11
2599	21.562	1448333313	7
2600	21.625	1448333435	9
2601	22.250	1448333435	8
2602	21.437	1448333436	10
2603	21.562	1448333437	6
2604	29.187	1448333439	11
2605	21.562	1448333440	7
2606	21.625	1448333561	9
2607	22.250	1448333561	8
2608	21.437	1448333562	10
2609	21.562	1448333563	6
2610	29.500	1448333564	11
2611	21.562	1448333565	7
2612	21.625	1448333686	9
2613	22.375	1448333687	8
2614	21.437	1448333687	10
2615	21.937	1448333688	6
2616	29.312	1448333689	11
2617	21.625	1448333690	7
2618	21.687	1448333811	9
2619	22.437	1448333812	8
2620	21.500	1448333813	10
2621	21.937	1448333813	6
2622	29.250	1448333814	11
2623	21.687	1448333815	7
2624	21.687	1448333936	9
2625	22.375	1448333937	8
2626	21.500	1448333938	10
2627	21.937	1448333939	6
2628	29.312	1448333939	11
2629	21.687	1448333940	7
2630	21.687	1448334061	9
2631	22.437	1448334062	8
2632	21.562	1448334063	10
2633	21.875	1448334064	6
2634	29.375	1448334065	11
2635	21.687	1448334066	7
2636	21.750	1448334186	9
2637	22.437	1448334187	8
2638	21.562	1448334189	10
2639	21.875	1448334190	6
2640	29.375	1448334191	11
2641	21.687	1448334192	7
2642	21.750	1448334312	9
2643	22.437	1448334313	8
2644	21.562	1448334314	10
2645	22.000	1448334315	6
2646	29.437	1448334316	11
2647	21.687	1448334317	7
2648	21.812	1448334438	9
2649	22.437	1448334438	8
2650	21.562	1448334439	10
2651	22.000	1448334440	6
2652	29.437	1448334441	11
2653	21.750	1448334442	7
2654	21.812	1448334563	9
2655	22.437	1448334564	8
2656	21.625	1448334564	10
2657	22.000	1448334565	6
2658	29.437	1448334566	11
2659	21.812	1448334567	7
2660	21.875	1448334688	9
2661	22.562	1448334689	8
2662	21.625	1448334690	10
2663	22.000	1448334690	6
2664	29.437	1448334691	11
2665	21.875	1448334693	7
2666	21.875	1448334814	9
2667	22.562	1448334815	8
2668	21.687	1448334816	10
2669	22.000	1448334817	6
2670	29.437	1448334818	11
2671	21.875	1448334820	7
2672	21.875	1448334941	9
2673	22.625	1448334942	8
2674	21.687	1448334942	10
2675	22.062	1448334943	6
2676	29.375	1448334944	11
2677	21.875	1448334945	7
2678	21.875	1448335066	9
2679	22.625	1448335067	8
2680	21.687	1448335068	10
2681	22.062	1448335069	6
2682	29.937	1448335069	11
2683	21.875	1448335070	7
2684	21.875	1448335191	9
2685	22.625	1448335192	8
2686	21.750	1448335193	10
2687	22.125	1448335194	6
2688	29.937	1448335195	11
2689	21.875	1448335195	7
2690	21.875	1448335316	9
2691	22.625	1448335317	8
2692	21.750	1448335318	10
2693	22.125	1448335319	6
2694	29.625	1448335320	11
2695	21.937	1448335320	7
2696	21.937	1448335441	9
2697	22.625	1448335442	8
2698	21.750	1448335443	10
2699	22.187	1448335444	6
2700	29.562	1448335445	11
2701	21.937	1448335446	7
2702	22.000	1448335567	9
2703	22.750	1448335567	8
2704	21.750	1448335568	10
2705	22.187	1448335569	6
2706	29.625	1448335570	11
2707	21.937	1448335571	7
2708	22.000	1448335692	9
2709	22.750	1448335693	8
2710	21.812	1448335693	10
2711	22.187	1448335694	6
2712	30.000	1448335695	11
2713	22.000	1448335696	7
2714	22.000	1448335818	9
2715	22.750	1448335818	8
2716	21.812	1448335819	10
2717	22.187	1448335820	6
2718	29.687	1448335821	11
2719	22.000	1448335822	7
2720	22.000	1448335943	9
2721	22.750	1448335944	8
2722	21.812	1448335944	10
2723	22.187	1448335945	6
2724	29.687	1448335946	11
2725	22.062	1448335947	7
2726	22.062	1448336068	9
2727	22.750	1448336069	8
2728	21.875	1448336070	10
2729	22.250	1448336071	6
2730	29.625	1448336071	11
2731	22.062	1448336072	7
2732	22.062	1448336193	9
2733	22.812	1448336195	8
2734	21.875	1448336196	10
2735	22.250	1448336197	6
2736	29.625	1448336197	11
2737	22.062	1448336198	7
2738	22.062	1448336319	9
2739	22.812	1448336320	8
2740	21.937	1448336321	10
2741	22.250	1448336322	6
2742	29.625	1448336323	11
2743	22.062	1448336323	7
2744	22.125	1448336444	9
2745	22.812	1448336445	8
2746	21.937	1448336446	10
2747	22.250	1448336447	6
2748	29.750	1448336448	11
2749	22.125	1448336449	7
2750	22.125	1448336570	9
2751	22.875	1448336570	8
2752	21.937	1448336571	10
2753	22.375	1448336572	6
2754	29.750	1448336573	11
2755	22.125	1448336574	7
2756	22.187	1448336695	9
2757	22.875	1448336696	8
2758	21.937	1448336697	10
2759	22.375	1448336698	6
2760	29.812	1448336699	11
2761	22.125	1448336700	7
2762	22.187	1448336821	9
2763	22.875	1448336822	8
2764	22.000	1448336822	10
2765	22.250	1448336823	6
2766	29.750	1448336824	11
2767	22.187	1448336825	7
2768	22.187	1448336946	9
2769	22.937	1448336947	8
2770	22.000	1448336948	10
2771	22.375	1448336948	6
2772	29.750	1448336949	11
2773	22.187	1448336950	7
2774	22.187	1448337071	9
2775	22.937	1448337072	8
2776	22.000	1448337073	10
2777	22.375	1448337074	6
2778	30.187	1448337074	11
2779	22.187	1448337075	7
2780	22.187	1448337196	9
2781	22.937	1448337197	8
2782	22.000	1448337198	10
2783	22.437	1448337199	6
2784	30.187	1448337200	11
2785	22.250	1448337200	7
2786	22.250	1448337321	9
2787	23.000	1448337322	8
2788	22.062	1448337323	10
2789	22.437	1448337324	6
2790	29.812	1448337325	11
2791	22.250	1448337326	7
2792	22.312	1448337447	9
2793	23.000	1448337447	8
2794	22.062	1448337448	10
2795	22.437	1448337449	6
2796	29.937	1448337450	11
2797	22.250	1448337451	7
2798	22.250	1448337572	9
2799	23.000	1448337573	8
2800	22.125	1448337574	10
2801	22.625	1448337574	6
2802	30.062	1448337575	11
2803	22.250	1448337576	7
2804	22.312	1448337697	9
2805	23.000	1448337698	8
2806	22.125	1448337699	10
2807	22.500	1448337700	6
2808	30.000	1448337702	11
2809	22.312	1448337703	7
2810	22.312	1448337824	9
2811	23.000	1448337825	8
2812	22.125	1448337825	10
2813	22.500	1448337826	6
2814	30.062	1448337827	11
2815	22.312	1448337828	7
2816	22.375	1448337949	9
2817	23.062	1448337950	8
2818	22.125	1448337951	10
2819	22.500	1448337951	6
2820	29.812	1448337953	11
2821	22.312	1448337953	7
2822	22.375	1448338074	9
2823	23.062	1448338075	8
2824	22.125	1448338076	10
2825	22.562	1448338077	6
2826	30.000	1448338078	11
2827	22.312	1448338079	7
2828	22.375	1448338200	9
2829	23.062	1448338201	8
2830	22.125	1448338202	10
2831	22.562	1448338204	6
2832	30.062	1448338205	11
2833	22.312	1448338205	7
2834	22.375	1448338326	9
2835	23.062	1448338327	8
2836	22.187	1448338328	10
2837	22.625	1448338330	6
2838	30.312	1448338331	11
2839	22.375	1448338331	7
2840	22.437	1448338452	9
2841	23.062	1448338453	8
2842	22.187	1448338454	10
2843	22.625	1448338455	6
2844	30.000	1448338457	11
2845	22.437	1448338457	7
2846	22.437	1448338578	9
2847	23.062	1448338579	8
2848	22.250	1448338580	10
2849	22.750	1448338581	6
2850	30.187	1448338582	11
2851	22.437	1448338583	7
2852	22.437	1448338704	9
2853	23.187	1448338705	8
2854	22.250	1448338706	10
2855	22.687	1448338707	6
2856	30.500	1448338708	11
2857	22.437	1448338709	7
2858	22.500	1448338830	9
2859	23.187	1448338830	8
2860	22.312	1448338831	10
2861	22.750	1448338832	6
2862	30.250	1448338833	11
2863	22.437	1448338834	7
2864	22.500	1448338955	9
2865	23.187	1448338956	8
2866	22.312	1448338956	10
2867	22.750	1448338957	6
2868	30.375	1448338958	11
2869	22.500	1448338960	7
2870	22.500	1448339081	9
2871	23.187	1448339082	8
2872	22.312	1448339082	10
2873	22.750	1448339083	6
2874	30.375	1448339084	11
2875	22.500	1448339085	7
2876	22.500	1448339206	9
2877	23.187	1448339207	8
2878	22.312	1448339208	10
2879	22.750	1448339208	6
2880	30.312	1448339210	11
2881	22.500	1448339211	7
2882	22.562	1448339332	9
2883	23.250	1448339333	8
2884	22.375	1448339334	10
2885	22.812	1448339334	6
2886	30.500	1448339335	11
2887	22.500	1448339336	7
2888	22.562	1448339457	9
2889	23.250	1448339459	8
2890	22.375	1448339460	10
2891	22.875	1448339460	6
2892	30.375	1448339461	11
2893	22.500	1448339462	7
2894	22.562	1448339583	9
2895	23.312	1448339584	8
2896	22.375	1448339585	10
2897	22.750	1448339586	6
2898	30.687	1448339586	11
2899	22.500	1448339587	7
2900	22.625	1448339708	9
2901	23.312	1448339710	8
2902	22.375	1448339711	10
2903	22.937	1448339713	6
2904	30.687	1448339714	11
2905	22.562	1448339715	7
2906	22.625	1448339836	9
2907	23.312	1448339837	8
2908	22.437	1448339837	10
2909	22.937	1448339838	6
2910	30.437	1448339839	11
2911	22.562	1448339840	7
2912	22.625	1448339961	9
2913	23.312	1448339963	8
2914	22.437	1448339963	10
2915	22.875	1448339964	6
2916	30.437	1448339965	11
2917	22.625	1448339966	7
2918	22.625	1448340087	9
2919	23.375	1448340088	8
2920	22.437	1448340089	10
2921	23.000	1448340090	6
2922	30.562	1448340090	11
2923	22.625	1448340091	7
2924	22.687	1448340212	9
2925	23.375	1448340213	8
2926	22.500	1448340214	10
2927	22.937	1448340215	6
2928	30.437	1448340217	11
2929	22.687	1448340218	7
2930	22.687	1448340339	9
2931	23.375	1448340340	8
2932	22.500	1448340341	10
2933	23.000	1448340342	6
2934	30.437	1448340342	11
2935	22.687	1448340343	7
2936	22.750	1448340464	9
2937	23.437	1448340465	8
2938	22.562	1448340466	10
2939	23.062	1448340467	6
2940	30.437	1448340468	11
2941	22.687	1448340469	7
2942	22.750	1448340590	9
2943	23.437	1448340591	8
2944	22.562	1448340592	10
2945	23.062	1448340593	6
2946	30.375	1448340594	11
2947	22.687	1448340595	7
2948	22.750	1448340715	9
2949	23.375	1448340716	8
2950	22.562	1448340717	10
2951	23.062	1448340718	6
2952	30.562	1448340720	11
2953	22.750	1448340721	7
2954	22.750	1448340841	9
2955	23.437	1448340842	8
2956	22.562	1448340843	10
2957	23.062	1448340844	6
2958	30.562	1448340845	11
2959	22.750	1448340846	7
2960	22.750	1448340967	9
2961	23.500	1448340967	8
2962	22.562	1448340968	10
2963	23.062	1448340969	6
2964	30.562	1448340970	11
2965	22.750	1448340971	7
2966	22.812	1448341092	9
2967	23.562	1448341093	8
2968	22.562	1448341093	10
2969	23.062	1448341094	6
2970	30.437	1448341095	11
2971	22.750	1448341096	7
2972	22.875	1448341217	9
2973	23.562	1448341218	8
2974	22.625	1448341219	10
2975	23.312	1448341219	6
2976	30.750	1448341220	11
2977	22.812	1448341221	7
2978	22.875	1448341342	9
2979	23.562	1448341343	8
2980	22.687	1448341345	10
2981	23.312	1448341345	6
2982	30.937	1448341346	11
2983	22.875	1448341348	7
2984	22.875	1448341469	9
2985	23.562	1448341470	8
2986	22.687	1448341471	10
2987	23.312	1448341471	6
2988	30.937	1448341472	11
2989	22.875	1448341473	7
2990	22.875	1448341594	9
2991	23.562	1448341595	8
2992	22.750	1448341596	10
2993	23.250	1448341597	6
2994	30.937	1448341597	11
2995	22.875	1448341598	7
2996	22.875	1448341719	9
2997	23.625	1448341720	8
2998	22.750	1448341721	10
2999	23.312	1448341722	6
3000	30.937	1448341723	11
3001	22.937	1448341723	7
3002	22.937	1448341844	9
3003	23.625	1448341845	8
3004	22.750	1448341846	10
3005	23.312	1448341847	6
3006	30.937	1448341848	11
3007	22.937	1448341849	7
3008	22.937	1448341969	9
3009	23.687	1448341970	8
3010	22.750	1448341971	10
3011	23.312	1448341972	6
3012	30.750	1448341973	11
3013	22.937	1448341974	7
3014	22.937	1448342095	9
3015	23.687	1448342096	8
3016	22.750	1448342096	10
3017	23.312	1448342097	6
3018	30.750	1448342098	11
3019	23.000	1448342099	7
3020	23.000	1448342220	9
3021	23.687	1448342221	8
3022	22.750	1448342222	10
3023	23.437	1448342222	6
3024	30.937	1448342223	11
3025	23.000	1448342224	7
3026	23.000	1448342345	9
3027	23.750	1448342346	8
3028	22.812	1448342347	10
3029	23.437	1448342348	6
3030	30.812	1448342349	11
3031	23.000	1448342350	7
3032	23.062	1448342471	9
3033	23.750	1448342472	8
3034	22.812	1448342474	10
3035	23.437	1448342474	6
3036	30.812	1448342475	11
3037	23.000	1448342476	7
3038	23.062	1448342597	9
3039	23.750	1448342598	8
3040	22.812	1448342599	10
3041	23.375	1448342600	6
3042	30.812	1448342601	11
3043	23.062	1448342601	7
3044	23.062	1448342722	9
3045	23.812	1448342723	8
3046	22.875	1448342724	10
3047	23.375	1448342725	6
3048	30.750	1448342726	11
3049	23.062	1448342727	7
3050	23.125	1448342848	9
3051	23.812	1448342848	8
3052	22.937	1448342849	10
3053	23.437	1448342850	6
3054	31.000	1448342851	11
3055	23.125	1448342852	7
3056	23.125	1448342973	9
3057	23.812	1448342973	8
3058	22.937	1448342974	10
3059	23.625	1448342975	6
3060	31.000	1448342976	11
3061	23.125	1448342977	7
3062	23.125	1448343098	9
3063	23.812	1448343099	8
3064	22.937	1448343100	10
3065	23.625	1448343100	6
3066	31.000	1448343102	11
3067	23.125	1448343103	7
3068	23.125	1448343224	9
3069	23.812	1448343225	8
3070	22.937	1448343226	10
3071	23.437	1448343226	6
3072	30.812	1448343227	11
3073	23.125	1448343228	7
3074	23.125	1448343349	9
3075	23.875	1448343350	8
3076	22.937	1448343351	10
3077	23.562	1448343353	6
3078	31.062	1448343354	11
3079	23.187	1448343355	7
3080	23.187	1448343476	9
3081	23.812	1448343477	8
3082	23.000	1448343478	10
3083	23.500	1448343478	6
3084	30.937	1448343479	11
3085	23.187	1448343481	7
3086	23.187	1448343602	9
3087	23.875	1448343603	8
3088	23.000	1448343603	10
3089	23.625	1448343604	6
3090	31.000	1448343605	11
3091	23.187	1448343606	7
3092	23.187	1448343727	9
3093	23.875	1448343728	8
3094	23.000	1448343729	10
3095	23.562	1448343730	6
3096	31.062	1448343730	11
3097	23.187	1448343731	7
3098	23.250	1448343852	9
3099	23.937	1448343853	8
3100	23.062	1448343854	10
3101	23.625	1448343855	6
3102	31.000	1448343856	11
3103	23.250	1448343856	7
3104	23.250	1448343977	9
3105	24.000	1448343978	8
3106	23.125	1448343979	10
3107	23.625	1448343980	6
3108	31.187	1448343981	11
3109	23.250	1448343982	7
3110	23.312	1448344103	9
3111	24.000	1448344103	8
3112	23.062	1448344104	10
3113	23.687	1448344105	6
3114	31.187	1448344106	11
3115	23.312	1448344107	7
3116	23.312	1448344228	9
3117	24.000	1448344229	8
3118	23.062	1448344229	10
3119	23.687	1448344232	6
3120	31.062	1448344233	11
3121	23.312	1448344234	7
3122	23.312	1448344355	9
3123	24.000	1448344355	8
3124	23.125	1448344356	10
3125	23.750	1448344357	6
3126	31.062	1448344358	11
3127	23.312	1448344359	7
3128	23.312	1448344480	9
3129	24.062	1448344481	8
3130	23.187	1448344482	10
3131	23.750	1448344483	6
3132	31.437	1448344483	11
3133	23.312	1448344484	7
3134	23.375	1448344605	9
3135	24.062	1448344606	8
3136	23.187	1448344607	10
3137	23.750	1448344608	6
3138	31.250	1448344609	11
3139	23.375	1448344609	7
3140	23.375	1448344730	9
3141	24.062	1448344731	8
3142	23.187	1448344732	10
3143	23.750	1448344733	6
3144	31.125	1448344734	11
3145	23.375	1448344735	7
3146	23.375	1448344855	9
3147	24.062	1448344856	8
3148	23.187	1448344857	10
3149	23.687	1448344858	6
3150	31.250	1448344860	11
3151	23.375	1448344860	7
3152	23.437	1448344981	9
3153	24.062	1448344982	8
3154	23.250	1448344983	10
3155	23.687	1448344984	6
3156	31.312	1448344985	11
3157	23.375	1448344986	7
3158	23.437	1448345107	9
3159	24.125	1448345107	8
3160	23.250	1448345108	10
3161	23.687	1448345109	6
3162	31.312	1448345110	11
3163	23.375	1448345111	7
3164	23.437	1448345232	9
3165	24.125	1448345232	8
3166	23.250	1448345233	10
3167	23.750	1448345234	6
3168	31.187	1448345235	11
3169	23.437	1448345236	7
3170	23.437	1448345357	9
3171	24.125	1448345358	8
3172	23.250	1448345358	10
3173	23.875	1448345359	6
3174	31.312	1448345360	11
3175	23.437	1448345361	7
3176	23.500	1448345482	9
3177	24.125	1448345483	8
3178	23.312	1448345484	10
3179	23.812	1448345485	6
3180	31.312	1448345486	11
3181	23.437	1448345486	7
3182	23.562	1448345608	9
3183	24.187	1448345609	8
3184	23.312	1448345610	10
3185	23.875	1448345612	6
3186	31.312	1448345612	11
3187	23.500	1448345613	7
3188	23.500	1448345734	9
3189	24.187	1448345735	8
3190	23.375	1448345736	10
3191	23.812	1448345737	6
3192	31.312	1448345738	11
3193	23.500	1448345738	7
3194	23.562	1448345859	9
3195	24.187	1448345860	8
3196	23.375	1448345861	10
3197	23.875	1448345862	6
3198	31.437	1448345863	11
3199	23.562	1448345864	7
3200	23.562	1448345985	9
3201	24.187	1448345986	8
3202	23.375	1448345987	10
3203	23.875	1448345988	6
3204	31.437	1448345990	11
3205	23.562	1448345990	7
3206	23.562	1448346111	9
3207	24.250	1448346112	8
3208	23.375	1448346113	10
3209	23.875	1448346114	6
3210	31.437	1448346115	11
3211	23.562	1448346116	7
3212	23.625	1448346237	9
3213	24.250	1448346238	8
3214	23.375	1448346239	10
3215	23.937	1448346240	6
3216	31.437	1448346242	11
3217	23.625	1448346242	7
3218	23.625	1448346363	9
3219	24.250	1448346364	8
3220	23.437	1448346365	10
3221	23.937	1448346366	6
3222	31.437	1448346367	11
3223	23.562	1448346368	7
3224	23.625	1448346489	9
3225	24.250	1448346489	8
3226	23.437	1448346491	10
3227	23.937	1448346492	6
3228	31.437	1448346493	11
3229	23.625	1448346494	7
3230	23.687	1448346615	9
3231	24.312	1448346615	8
3232	23.437	1448346616	10
3233	23.875	1448346617	6
3234	31.375	1448346618	11
3235	23.625	1448346619	7
3236	23.687	1448346740	9
3237	24.312	1448346741	8
3238	23.500	1448346741	10
3239	23.875	1448346742	6
3240	31.562	1448346743	11
3241	23.687	1448346744	7
3242	23.687	1448346865	9
3243	24.375	1448346867	8
3244	23.500	1448346867	10
3245	23.937	1448346868	6
3246	31.500	1448346870	11
3247	23.687	1448346871	7
3248	23.687	1448346992	9
3249	24.312	1448346993	8
3250	23.500	1448346993	10
3251	23.937	1448346994	6
3252	31.312	1448346995	11
3253	23.687	1448346996	7
3254	23.750	1448347117	9
3255	24.375	1448347118	8
3256	23.500	1448347119	10
3257	24.000	1448347120	6
3258	31.312	1448347120	11
3259	23.687	1448347121	7
3260	23.750	1448347242	9
3261	24.375	1448347243	8
3262	23.562	1448347245	10
3263	23.937	1448347246	6
3264	31.500	1448347246	11
3265	23.687	1448347247	7
3266	23.750	1448347368	9
3267	24.375	1448347369	8
3268	23.562	1448347370	10
3269	24.062	1448347371	6
3270	31.437	1448347372	11
3271	23.750	1448347372	7
3272	23.750	1448347493	9
3273	24.375	1448347494	8
3274	23.562	1448347495	10
3275	24.062	1448347496	6
3276	31.437	1448347497	11
3277	23.750	1448347498	7
3278	23.750	1448347619	9
3279	24.375	1448347620	8
3280	23.625	1448347621	10
3281	24.062	1448347622	6
3282	31.437	1448347623	11
3283	23.750	1448347623	7
3284	23.812	1448347744	9
3285	24.437	1448347745	8
3286	23.562	1448347747	10
3287	23.937	1448347748	6
3288	31.375	1448347749	11
3289	23.750	1448347749	7
3290	23.812	1448347870	9
3291	24.437	1448347871	8
3292	23.625	1448347872	10
3293	23.937	1448347873	6
3294	31.375	1448347874	11
3295	23.812	1448347875	7
3296	23.812	1448347996	9
3297	24.437	1448347996	8
3298	23.625	1448347997	10
3299	23.937	1448347998	6
3300	31.750	1448347999	11
3301	23.812	1448348000	7
3302	23.812	1448348121	9
3303	24.437	1448348122	8
3304	23.687	1448348122	10
3305	24.000	1448348123	6
3306	31.500	1448348124	11
3307	23.812	1448348125	7
3308	23.812	1448348246	9
3309	24.500	1448348247	8
3310	23.687	1448348248	10
3311	24.062	1448348248	6
3312	31.500	1448348249	11
3313	23.812	1448348250	7
3314	23.937	1448348372	9
3315	24.500	1448348373	8
3316	23.687	1448348374	10
3317	24.062	1448348374	6
3318	31.500	1448348375	11
3319	23.812	1448348376	7
3320	23.937	1448348497	9
3321	24.437	1448348498	8
3322	23.625	1448348499	10
3323	24.062	1448348500	6
3324	31.500	1448348501	11
3325	23.812	1448348502	7
3326	23.875	1448348623	9
3327	24.437	1448348624	8
3328	23.687	1448348625	10
3329	24.062	1448348625	6
3330	31.562	1448348626	11
3331	23.875	1448348627	7
3332	23.875	1448348748	9
3333	24.500	1448348749	8
3334	23.687	1448348750	10
3335	23.937	1448348751	6
3336	31.562	1448348752	11
3337	23.875	1448348752	7
3338	23.875	1448348873	9
3339	24.500	1448348874	8
3340	23.687	1448348875	10
3341	24.125	1448348876	6
3342	31.312	1448348877	11
3343	23.875	1448348878	7
3344	23.875	1448348998	9
3345	24.500	1448348999	8
3346	23.687	1448349000	10
3347	24.062	1448349001	6
3348	31.312	1448349002	11
3349	23.875	1448349003	7
3350	23.937	1448349124	9
3351	24.562	1448349125	8
3352	23.687	1448349125	10
3353	24.187	1448349126	6
3354	31.625	1448349127	11
3355	23.875	1448349128	7
3356	23.937	1448349249	9
3357	24.562	1448349251	8
3358	23.687	1448349251	10
3359	24.125	1448349252	6
3360	31.687	1448349253	11
3361	23.937	1448349254	7
3362	23.937	1448349375	9
3363	24.562	1448349376	8
3364	23.750	1448349377	10
3365	24.125	1448349377	6
3366	31.687	1448349378	11
3367	23.937	1448349379	7
3368	23.937	1448349500	9
3369	24.562	1448349501	8
3370	23.750	1448349502	10
3371	24.125	1448349503	6
3372	31.562	1448349503	11
3373	23.937	1448349504	7
3374	23.937	1448349625	9
3375	24.562	1448349626	8
3376	23.750	1448349627	10
3377	24.125	1448349628	6
3378	31.625	1448349629	11
3379	23.937	1448349629	7
3380	23.937	1448349750	9
3381	24.562	1448349751	8
3382	23.750	1448349752	10
3383	24.125	1448349753	6
3384	31.625	1448349754	11
3385	23.937	1448349755	7
3386	23.937	1448349876	9
3387	24.625	1448349876	8
3388	23.750	1448349877	10
3389	24.125	1448349878	6
3390	31.875	1448349880	11
3391	23.937	1448349881	7
3392	24.000	1448350002	9
3393	24.625	1448350002	8
3394	23.812	1448350003	10
3395	24.187	1448350004	6
3396	31.562	1448350005	11
3397	24.000	1448350006	7
3398	24.000	1448350127	9
3399	24.625	1448350128	8
3400	23.812	1448350129	10
3401	24.125	1448350130	6
3402	31.625	1448350131	11
3403	24.000	1448350132	7
3404	24.000	1448350253	9
3405	24.625	1448350254	8
3406	23.812	1448350255	10
3407	24.125	1448350255	6
3408	32.000	1448350256	11
3409	24.000	1448350257	7
3410	24.000	1448350378	9
3411	24.625	1448350379	8
3412	23.812	1448350380	10
3413	24.187	1448350381	6
3414	31.625	1448350382	11
3415	24.000	1448350383	7
3416	24.000	1448350504	9
3417	24.625	1448350506	8
3418	23.875	1448350506	10
3419	24.125	1448350507	6
3420	31.562	1448350509	11
3421	24.000	1448350510	7
3422	24.062	1448350631	9
3423	24.625	1448350632	8
3424	23.812	1448350632	10
3425	24.187	1448350633	6
3426	31.562	1448350634	11
3427	24.062	1448350635	7
3428	24.062	1448350756	9
3429	24.625	1448350757	8
3430	23.812	1448350758	10
3431	24.062	1448350758	6
3432	31.812	1448350759	11
3433	24.062	1448350760	7
3434	24.062	1448350881	9
3435	24.625	1448350882	8
3436	23.875	1448350883	10
3437	24.125	1448350884	6
3438	31.812	1448350884	11
3439	24.062	1448350885	7
3440	24.062	1448351006	9
3441	24.687	1448351007	8
3442	23.875	1448351008	10
3443	24.125	1448351009	6
3444	31.500	1448351010	11
3445	24.062	1448351011	7
3446	24.062	1448351131	9
3447	24.687	1448351132	8
3448	23.875	1448351133	10
3449	24.062	1448351134	6
3450	31.875	1448351135	11
3451	24.062	1448351136	7
3452	24.062	1448351257	9
3453	24.687	1448351257	8
3454	23.875	1448351258	10
3455	24.062	1448351259	6
3456	31.562	1448351260	11
3457	24.062	1448351261	7
3458	24.125	1448351382	9
3459	24.687	1448351383	8
3460	23.937	1448351383	10
3461	24.125	1448351384	6
3462	31.562	1448351385	11
3463	24.062	1448351386	7
3464	24.125	1448351507	9
3465	24.687	1448351508	8
3466	23.937	1448351509	10
3467	24.125	1448351509	6
3468	31.562	1448351511	11
3469	24.125	1448351512	7
3470	24.125	1448351633	9
3471	24.750	1448351634	8
3472	23.937	1448351635	10
3473	24.125	1448351635	6
3474	31.625	1448351636	11
3475	24.125	1448351637	7
3476	24.125	1448351758	9
3477	24.750	1448351759	8
3478	23.937	1448351760	10
3479	24.125	1448351761	6
3480	31.625	1448351761	11
3481	24.125	1448351762	7
3482	24.125	1448351883	9
3483	24.750	1448351884	8
3484	23.937	1448351885	10
3485	24.125	1448351886	6
3486	31.625	1448351887	11
3487	24.125	1448351887	7
3488	24.125	1448352008	9
3489	24.750	1448352009	8
3490	23.937	1448352010	10
3491	24.187	1448352012	6
3492	31.562	1448352013	11
3493	24.125	1448352013	7
3494	24.125	1448352134	9
3495	24.750	1448352135	8
3496	23.937	1448352136	10
3497	24.062	1448352138	6
3498	31.562	1448352139	11
3499	24.125	1448352140	7
3500	24.125	1448352261	9
3501	24.750	1448352262	8
3502	23.937	1448352263	10
3503	24.187	1448352264	6
3504	31.562	1448352265	11
3505	24.125	1448352265	7
3506	24.125	1448352386	9
3507	24.750	1448352387	8
3508	23.937	1448352388	10
3509	24.125	1448352389	6
3510	31.437	1448352390	11
3511	24.125	1448352391	7
3512	24.125	1448352512	9
3513	24.687	1448352512	8
3514	23.937	1448352513	10
3515	24.062	1448352514	6
3516	31.437	1448352515	11
3517	24.125	1448352516	7
3518	24.125	1448352637	9
3519	24.750	1448352638	8
3520	23.937	1448352638	10
3521	24.062	1448352639	6
3522	31.625	1448352640	11
3523	24.125	1448352641	7
3524	24.125	1448352763	9
3525	24.750	1448352764	8
3526	23.937	1448352764	10
3527	24.125	1448352766	6
3528	31.812	1448352767	11
3529	24.187	1448352768	7
3530	24.125	1448352889	9
3531	24.750	1448352890	8
3532	23.937	1448352890	10
3533	24.125	1448352891	6
3534	31.750	1448352892	11
3535	24.187	1448352893	7
3536	24.062	1448353014	9
3537	24.750	1448353015	8
3538	23.937	1448353016	10
3539	24.000	1448353016	6
3540	31.687	1448353017	11
3541	24.125	1448353018	7
3542	24.062	1448353139	9
3543	24.687	1448353140	8
3544	23.937	1448353141	10
3545	24.000	1448353142	6
3546	31.687	1448353142	11
3547	24.125	1448353143	7
3548	24.062	1448353264	9
3549	24.687	1448353265	8
3550	23.937	1448353266	10
3551	24.000	1448353267	6
3552	31.625	1448353268	11
3553	24.125	1448353269	7
3554	24.125	1448353389	9
3555	24.750	1448353390	8
3556	23.937	1448353391	10
3557	24.000	1448353392	6
3558	31.687	1448353393	11
3559	24.125	1448353394	7
3560	24.125	1448353515	9
3561	24.750	1448353515	8
3562	23.937	1448353516	10
3563	23.937	1448353517	6
3564	31.937	1448353518	11
3565	24.125	1448353519	7
3566	24.125	1448353640	9
3567	24.750	1448353641	8
3568	23.937	1448353641	10
3569	24.000	1448353642	6
3570	31.500	1448353643	11
3571	24.187	1448353644	7
3572	24.125	1448353765	9
3573	24.750	1448353766	8
3574	23.937	1448353767	10
3575	23.937	1448353768	6
3576	31.750	1448353769	11
3577	24.187	1448353771	7
3578	24.125	1448353892	9
3579	24.750	1448353892	8
3580	23.937	1448353893	10
3581	23.937	1448353894	6
3582	31.500	1448353895	11
3583	24.187	1448353896	7
3584	24.125	1448354017	9
3585	24.750	1448354018	8
3586	23.937	1448354018	10
3587	24.000	1448354019	6
3588	31.812	1448354021	11
3589	24.187	1448354022	7
3590	24.125	1448354143	9
3591	24.750	1448354144	8
3592	23.937	1448354144	10
3593	23.875	1448354145	6
3594	31.812	1448354146	11
3595	24.187	1448354147	7
3596	24.125	1448355662	9
3597	24.750	1448355663	8
3598	23.937	1448355664	10
3599	23.750	1448355666	6
3600	31.812	1448355666	11
3601	24.187	1448355668	7
3602	24.125	1448355850	9
3603	24.750	1448355851	8
3604	23.937	1448355852	10
3605	23.750	1448355852	6
3606	31.750	1448355853	11
3607	24.187	1448355854	7
3608	24.062	1448355975	9
3609	24.750	1448355976	8
3610	23.937	1448355977	10
3611	23.750	1448355978	6
3612	31.625	1448355979	11
3613	24.187	1448355979	7
3614	24.062	1448356053	9
3615	24.687	1448356054	8
3616	23.937	1448356055	10
3617	23.750	1448356056	6
3618	31.625	1448356057	11
3619	24.187	1448356058	7
3620	24.125	1448356356	9
3621	24.687	1448356357	8
3622	23.937	1448356358	10
3623	23.750	1448356359	6
3624	31.750	1448356360	11
3625	24.125	1448356362	7
3626	24.125	1448356465	9
3627	24.687	1448356466	8
3628	23.937	1448356467	10
3629	23.687	1448356468	6
3630	31.812	1448356469	11
3631	24.125	1448356469	7
3632	24.125	1448356533	9
3633	24.687	1448356534	8
3634	23.937	1448356535	10
3635	23.687	1448356536	6
3636	31.937	1448356536	11
3637	24.187	1448356537	7
3638	24.125	1448356623	9
3639	24.687	1448356623	8
3640	23.937	1448356624	10
3641	23.687	1448356626	6
3642	31.937	1448356627	11
3643	24.187	1448356628	7
3644	24.125	1448356678	9
3645	24.687	1448356679	8
3646	23.937	1448356680	10
3647	23.687	1448356681	6
3648	31.687	1448356682	11
3649	24.187	1448356683	7
3650	24.125	1448356804	9
3651	24.687	1448356805	8
3652	23.937	1448356805	10
3653	23.625	1448356807	6
3654	31.750	1448356809	11
3655	24.187	1448356810	7
3656	24.062	1448356931	9
3657	24.062	1448357997	9
3658	24.625	1448357998	8
3659	23.875	1448357999	10
3660	23.375	1448358000	6
3661	31.750	1448358001	11
3662	24.125	1448358002	7
3663	24.062	1448358029	9
3664	24.625	1448358030	8
3665	23.875	1448358030	10
3666	23.375	1448358031	6
3667	31.687	1448358032	11
3668	24.125	1448358034	7
3669	24.062	1448358061	9
3670	24.625	1448358062	8
3671	23.875	1448358063	10
3672	23.375	1448358064	6
3673	31.562	1448358065	11
3674	24.125	1448358066	7
3675	24.062	1448358108	9
3676	24.625	1448358109	8
3677	23.875	1448358110	10
3678	23.312	1448358111	6
3679	31.562	1448358114	11
3680	24.125	1448358114	7
3681	24.062	1448358201	9
3682	24.562	1448358202	8
3683	23.875	1448358202	10
3684	23.312	1448358203	6
3685	24.062	1448358228	9
3686	24.625	1448358229	8
3687	23.875	1448358231	10
3688	23.312	1448358232	6
3689	31.562	1448358233	11
3690	24.062	1448358234	7
3691	24.062	1448358354	9
3692	24.625	1448358355	8
3693	23.812	1448358356	10
3694	23.312	1448358357	6
3695	31.437	1448358358	11
3696	24.062	1448358359	7
3697	24.000	1448358480	9
3698	24.625	1448358481	8
3699	23.875	1448358482	10
3700	23.312	1448358483	6
3701	31.500	1448358484	11
3702	24.062	1448358485	7
3703	24.062	1448358606	9
3704	24.562	1448358607	8
3705	23.875	1448358608	10
3706	23.250	1448358609	6
3707	31.500	1448358610	11
3708	24.062	1448358611	7
3709	23.937	1448358732	9
3710	24.562	1448358733	8
3711	23.875	1448358734	10
3712	23.250	1448358735	6
3713	31.250	1448358736	11
3714	24.062	1448358737	7
3715	23.937	1448358858	9
3716	24.562	1448358859	8
3717	23.875	1448358860	10
3718	23.187	1448358860	6
3719	31.250	1448358861	11
3720	24.062	1448358862	7
3721	23.937	1448358983	9
3722	24.562	1448358984	8
3723	23.875	1448358985	10
3724	23.250	1448358986	6
3725	31.250	1448358986	11
3726	24.062	1448358987	7
3727	23.937	1448359108	9
3728	24.500	1448359109	8
3729	23.750	1448359110	10
3730	23.187	1448359111	6
3731	31.250	1448359112	11
3732	24.000	1448359113	7
3733	23.937	1448359234	9
3734	24.500	1448359235	8
3735	23.750	1448359235	10
3736	23.187	1448359236	6
3737	31.125	1448359237	11
3738	24.000	1448359238	7
3739	23.937	1448359359	9
3740	24.500	1448359361	8
3741	23.750	1448359361	10
3742	23.187	1448359362	6
3743	31.250	1448359363	11
3744	24.000	1448359364	7
3745	23.937	1448359485	9
3746	24.500	1448359486	8
3747	23.750	1448359487	10
3748	23.062	1448359488	6
3749	31.187	1448359489	11
3750	24.000	1448359490	7
3751	23.937	1448359612	9
3752	24.437	1448359613	8
3753	23.750	1448359614	10
3754	23.062	1448359614	6
3755	31.062	1448359615	11
3756	24.000	1448359616	7
3757	23.937	1448359737	9
3758	24.437	1448359738	8
3759	23.750	1448359739	10
3760	23.062	1448359740	6
3761	31.125	1448359740	11
3762	23.937	1448359741	7
3763	23.875	1448359864	9
3764	24.437	1448359865	8
3765	23.687	1448359867	10
3766	23.062	1448359867	6
3767	31.187	1448359868	11
3768	23.937	1448359869	7
3769	23.875	1448359991	9
3770	24.437	1448359993	8
3771	23.687	1448359994	10
3772	23.000	1448359994	6
3773	31.125	1448359995	11
3774	23.937	1448359996	7
3775	23.812	1448360117	9
3776	24.437	1448360118	8
3777	23.625	1448360119	10
3778	23.000	1448360120	6
3779	31.062	1448360121	11
3780	23.937	1448360121	7
3781	23.812	1448360242	9
3782	24.437	1448360243	8
3783	23.625	1448360244	10
3784	23.000	1448360245	6
3785	31.187	1448360246	11
3786	23.875	1448360248	7
3787	23.812	1448360369	9
3788	24.437	1448360370	8
3789	23.625	1448360371	10
3790	23.000	1448360372	6
3791	31.000	1448360373	11
3792	23.875	1448360374	7
3793	23.750	1448360495	9
3794	24.375	1448360496	8
3795	23.625	1448360497	10
3796	23.000	1448360498	6
3797	30.625	1448360499	11
3798	23.875	1448360500	7
3799	23.750	1448360621	9
3800	24.375	1448360622	8
3801	23.562	1448360623	10
3802	22.937	1448360625	6
3803	30.812	1448360626	11
3804	23.812	1448360627	7
3805	23.750	1448360748	9
3806	24.375	1448360748	8
3807	23.562	1448360750	10
3808	22.937	1448360753	6
3809	30.812	1448360753	11
3810	23.812	1448360755	7
3811	23.687	1448361130	9
3812	24.312	1448361131	8
3813	23.562	1448361132	10
3814	22.875	1448361133	6
3815	30.812	1448361134	11
3816	23.812	1448361135	7
3817	23.625	1448362453	9
3818	24.125	1448362453	8
3819	23.437	1448362454	10
3820	22.500	1448362455	6
3821	29.625	1448362457	11
3822	23.625	1448362458	7
3823	23.562	1448362991	9
3824	24.125	1448362991	8
3825	23.375	1448362993	10
3826	22.500	1448362995	6
3827	29.500	1448362996	11
3828	23.625	1448362997	7
3829	23.562	1448363145	9
3830	24.125	1448363146	8
3831	23.375	1448363147	10
3832	22.500	1448363148	6
3833	29.500	1448363149	11
3834	23.625	1448363150	7
3835	23.500	1448363430	9
3836	24.062	1448363430	8
3837	23.375	1448363432	10
3838	22.500	1448363433	6
3839	30.000	1448363434	11
3840	23.562	1448363436	7
3841	23.500	1448363600	9
3842	24.062	1448363601	8
3843	23.375	1448363602	10
3844	22.375	1448363603	6
3845	29.750	1448363604	11
3846	23.562	1448363605	7
3847	23.500	1448363679	9
3848	24.000	1448363680	8
3849	23.375	1448363680	10
3850	22.437	1448363682	6
3851	29.812	1448363684	11
3852	23.562	1448363685	7
3853	23.500	1448363869	9
3854	24.000	1448363869	8
3855	23.312	1448363870	10
3856	22.437	1448363872	6
3857	29.937	1448363873	11
3858	23.562	1448363874	7
3859	23.437	1448364007	9
3860	24.000	1448364008	8
3861	23.312	1448364008	10
3862	22.312	1448364009	6
3863	29.937	1448364010	11
3864	23.500	1448364011	7
3865	23.437	1448364117	9
3866	24.000	1448364118	8
3867	23.250	1448364120	10
3868	22.312	1448364120	6
3869	29.750	1448364123	11
3870	23.500	1448364124	7
3871	23.437	1448364245	9
3872	23.937	1448364246	8
3873	23.250	1448364247	10
3874	22.375	1448364247	6
3875	30.000	1448364248	11
3876	23.437	1448364249	7
3877	23.375	1448364424	9
3878	23.937	1448364425	8
3879	23.250	1448364426	10
3880	22.375	1448364427	6
3881	29.875	1448364428	11
3882	23.437	1448364429	7
3883	23.375	1448364695	9
3884	23.875	1448364695	8
3885	23.187	1448364697	10
3886	22.250	1448364699	6
3887	29.500	1448364700	11
3888	23.437	1448364701	7
3889	23.375	1448364760	9
3890	23.875	1448364761	8
3891	23.187	1448364762	10
3892	22.250	1448364764	6
3893	29.375	1448364765	11
3894	23.375	1448364766	7
3895	23.375	1448364884	9
3896	23.875	1448364884	8
3897	23.187	1448364885	10
3898	22.125	1448364886	6
3899	29.375	1448364887	11
3900	23.375	1448364888	7
3901	23.375	1448364901	9
3902	23.812	1448364902	8
3903	23.187	1448364903	10
3904	22.187	1448364904	6
3905	29.125	1448364905	11
3906	23.375	1448364906	7
3907	23.375	1448365040	9
3908	23.812	1448365041	8
3909	23.125	1448365042	10
3910	22.250	1448365043	6
3911	29.125	1448365044	11
3912	23.375	1448365045	7
3913	23.312	1448365072	9
3914	23.875	1448365073	8
3915	23.312	1448365159	9
3916	23.875	1448365160	8
3917	23.125	1448365160	10
3918	22.187	1448365161	6
3919	29.312	1448365162	11
3920	23.375	1448365163	7
3921	23.312	1448365233	9
3922	23.875	1448365234	8
3923	23.125	1448365235	10
3924	22.125	1448365236	6
3925	29.312	1448365237	11
3926	23.375	1448365238	7
3927	23.312	1448365271	9
3928	23.875	1448365272	8
3929	23.125	1448365274	10
3930	22.125	1448365275	6
3931	29.312	1448365276	11
3932	23.375	1448365278	7
3933	23.250	1448365399	9
3934	23.875	1448365399	8
3935	23.125	1448365400	10
3936	22.125	1448365401	6
3937	29.187	1448365402	11
3938	23.375	1448365403	7
3939	23.250	1448365712	9
3940	23.750	1448365713	8
3941	23.062	1448365714	10
3942	22.062	1448365715	6
3943	29.437	1448365716	11
3944	23.312	1448365719	7
\.


--
-- Name: readings_id_seq; Type: SEQUENCE SET; Schema: public; Owner: openbrew
--

SELECT pg_catalog.setval('readings_id_seq', 3944, true);


--
-- Data for Name: sensors; Type: TABLE DATA; Schema: public; Owner: openbrew
--

COPY sensors (id, serial, name, fermenterid) FROM stdin;
6	\N	Ambient	7
7	\N	Air	8
8	\N	Wort	8
9	\N	Air	9
10	\N	Wort	9
11	\N	Ambient High	7
\.


--
-- Name: sensors_id_seq; Type: SEQUENCE SET; Schema: public; Owner: openbrew
--

SELECT pg_catalog.setval('sensors_id_seq', 11, true);


--
-- Name: fermenters_pk; Type: CONSTRAINT; Schema: public; Owner: openbrew; Tablespace: 
--

ALTER TABLE ONLY fermenters
    ADD CONSTRAINT fermenters_pk PRIMARY KEY (id);


--
-- Name: readings_pk; Type: CONSTRAINT; Schema: public; Owner: openbrew; Tablespace: 
--

ALTER TABLE ONLY readings
    ADD CONSTRAINT readings_pk PRIMARY KEY (id);


--
-- Name: sensors_pk; Type: CONSTRAINT; Schema: public; Owner: openbrew; Tablespace: 
--

ALTER TABLE ONLY sensors
    ADD CONSTRAINT sensors_pk PRIMARY KEY (id);


--
-- Name: fermenter_fk; Type: FK CONSTRAINT; Schema: public; Owner: openbrew
--

ALTER TABLE ONLY sensors
    ADD CONSTRAINT fermenter_fk FOREIGN KEY (fermenterid) REFERENCES fermenters(id);


--
-- Name: sensor_fk; Type: FK CONSTRAINT; Schema: public; Owner: openbrew
--

ALTER TABLE ONLY readings
    ADD CONSTRAINT sensor_fk FOREIGN KEY (sensorid) REFERENCES sensors(id);


--
-- Name: public; Type: ACL; Schema: -; Owner: postgres
--

REVOKE ALL ON SCHEMA public FROM PUBLIC;
REVOKE ALL ON SCHEMA public FROM postgres;
GRANT ALL ON SCHEMA public TO postgres;
GRANT ALL ON SCHEMA public TO PUBLIC;


--
-- PostgreSQL database dump complete
--

